Date,Part_Type,Car_Model,Mileage,Temperature,Humidity,Usage_Hours,Part_Life
19-09-2022,Electronics,Hatchback,119877,21.14229204,61.82706783,1193,1268.012708
17-01-2018,Brakes,Truck,48098,4.456887482,70.66104549,981,1085.69341
27-03-2013,Engine,Sedan,54209,6.097699245,2.685836444,1151,1097.985648
18-09-2013,Engine,Truck,111030,74.79272826,9.659201308,709,708.5792414
21-11-2012,Suspension,Sedan,57342,93.62266709,75.01540342,1802,1451.863833
15-07-2012,Engine,Truck,111311,10.1294525,80.2659828,883,833.1292272
12-08-2022,Brakes,Hatchback,19693,11.6920392,14.01542268,1334,1309.033336
19-04-2016,Electronics,Sedan,30099,48.89434918,33.10135878,1253,1251.478885
01-03-2012,Electronics,Sedan,139675,62.34647401,62.77668386,1779,1901.765709
03-03-2022,Transmission,Truck,25261,84.86222369,19.95071234,1630,1441.237421
28-11-2018,Suspension,SUV,79913,41.80729631,76.71218463,553,567.7028898
07-07-2022,Engine,Sedan,131028,0.856418413,80.26408325,870,801.1480397
21-04-2011,Brakes,Sedan,53190,92.81620196,43.56593979,1381,1415.40035
07-10-2018,Engine,Sedan,53663,79.67446239,29.80055097,1501,1609.345593
11-06-2015,Brakes,SUV,11343,88.14476973,83.67452737,1289,1157.96454
08-07-2013,Electronics,SUV,147167,57.51323087,86.87564156,1966,1636.591151
03-10-2012,Suspension,Hatchback,38147,64.07338289,43.95140209,670,751.7752112
03-01-2015,Transmission,Sedan,118317,51.15877856,56.30215469,1297,1342.697886
26-02-2012,Electronics,Sedan,133515,35.32391539,31.56456538,928,792.9966631
01-05-2010,Engine,Hatchback,125893,79.96961298,95.10548295,895,972.7661646
16-04-2013,Transmission,SUV,90762,54.28616202,9.196002373,975,871.4344355
15-06-2011,Transmission,SUV,115385,55.43518596,78.87908968,1326,1582.680106
29-05-2011,Brakes,Hatchback,133254,68.77707145,79.48735073,996,1106.187994
07-12-2017,Electronics,Hatchback,18926,40.07060967,7.788180935,1656,1831.561825
01-03-2022,Electronics,Hatchback,74348,79.25975222,90.00265971,574,483.2548776
09-09-2016,Suspension,Hatchback,123580,24.57554322,18.80429482,627,596.1710501
09-10-2011,Brakes,SUV,63760,98.70685226,81.26314678,1065,1189.785525
19-09-2017,Brakes,Hatchback,64893,8.774980756,10.23230803,628,741.9938888
12-04-2017,Transmission,Truck,112822,18.58075256,92.16231847,832,738.4709452
04-05-2012,Engine,Sedan,76169,30.13754323,77.24164433,676,796.0663929
27-12-2011,Electronics,Truck,46138,64.29940723,27.01155619,777,844.8571902
25-06-2010,Suspension,Sedan,29052,40.62758736,27.80359289,1475,1295.416017
01-01-2018,Engine,Hatchback,79291,30.25064566,74.33489478,1876,1663.403047
14-07-2019,Brakes,Sedan,76359,74.64136122,36.15058525,1001,891.8720907
19-01-2011,Transmission,Truck,51216,22.83411766,69.40092418,1370,1424.432764
15-08-2020,Electronics,Hatchback,55533,49.14548139,57.10235957,1621,1655.642052
15-10-2012,Transmission,Truck,68950,82.92858191,91.13607567,948,1115.645305
03-06-2019,Electronics,Truck,148940,4.180057289,35.50895302,546,502.0080833
15-12-2013,Suspension,Hatchback,147345,89.40190394,81.48274077,727,610.1466578
19-02-2011,Electronics,Sedan,61436,91.23304957,64.53273969,1710,1916.641097
19-12-2014,Transmission,SUV,56695,47.75755495,73.3862943,1042,982.8030524
06-04-2011,Electronics,Hatchback,135900,18.14450201,22.4244622,533,487.6464474
27-01-2022,Suspension,SUV,39668,95.24165576,82.23990921,1216,991.2661433
14-12-2014,Transmission,Truck,25924,83.35279918,30.60829097,1246,1168.257127
11-03-2016,Engine,SUV,147027,12.43786266,74.67429931,1197,977.1217308
23-07-2012,Brakes,Truck,148062,17.23554016,11.45142625,1367,1566.507251
19-10-2022,Brakes,Hatchback,34351,77.98953688,43.80311874,636,516.2675485
15-10-2014,Electronics,Sedan,47893,98.63508387,40.4918342,1806,1867.715814
05-12-2013,Brakes,Hatchback,19680,73.12856637,99.23180252,1602,1620.683139
21-11-2019,Brakes,Sedan,51043,81.92641569,34.28529549,1196,1378.114174
27-06-2014,Electronics,SUV,10182,95.30890312,17.53586246,1052,982.8213937
09-02-2015,Brakes,SUV,21429,24.98616148,75.14262329,1527,1573.552892
09-03-2010,Transmission,Hatchback,13130,40.66019494,79.95372492,1172,961.0036585
29-01-2020,Electronics,Sedan,144531,13.81651929,31.16602259,908,849.1254251
11-08-2012,Suspension,Truck,38685,32.57037676,48.59222639,1073,1160.819165
28-07-2022,Transmission,Hatchback,136670,93.1189137,12.44850354,981,983.7870039
13-05-2017,Electronics,SUV,30653,53.19057577,77.18960107,754,877.6856854
29-11-2015,Electronics,SUV,142177,24.15542931,73.85394138,1872,2172.468678
29-04-2016,Electronics,Hatchback,66454,78.25910156,22.28194717,566,595.2898885
08-03-2020,Electronics,Hatchback,42516,67.51437243,3.028326008,1401,1555.083168
14-02-2016,Electronics,Sedan,119248,22.89450334,32.94773828,923,902.8691686
04-10-2015,Electronics,Truck,22867,66.57563509,70.33918296,1294,1166.624909
03-04-2011,Transmission,Sedan,39881,90.17460198,31.43429058,1659,1354.887361
05-11-2010,Suspension,Hatchback,105996,84.3818292,79.41400792,1671,1860.731229
11-06-2010,Suspension,Hatchback,59382,48.62652035,27.31655301,784,894.1878423
29-08-2017,Transmission,Hatchback,61537,51.62268705,93.82324918,575,630.7705146
03-10-2021,Suspension,SUV,119146,59.37586152,82.50005065,1182,1359.178666
26-08-2013,Engine,Hatchback,89343,9.178362229,33.91860927,1387,1631.755389
26-05-2020,Suspension,Truck,147196,24.11620157,72.13353856,1377,1531.949623
09-01-2013,Engine,Sedan,56627,84.18226059,0.2243379,1598,1911.58529
29-11-2022,Suspension,Sedan,74718,3.855483325,12.09710799,1251,1422.309642
20-03-2019,Electronics,Truck,135915,18.12479552,87.1167849,1941,2320.672258
11-02-2021,Brakes,SUV,76439,92.65785806,70.12263775,1859,1934.364595
19-04-2016,Engine,Hatchback,92371,58.832837,94.00391308,1263,1472.437507
22-05-2016,Suspension,Truck,86653,48.21787599,77.76112774,1619,1739.873939
25-02-2017,Brakes,SUV,71497,23.34833155,40.65173273,1888,1666.432745
08-12-2022,Transmission,Sedan,76337,72.40778962,67.00523226,896,897.205917
14-08-2019,Engine,Hatchback,124796,4.782220254,90.24702992,1318,1100.886352
17-07-2019,Suspension,Hatchback,27097,71.12529708,67.53447977,1670,1401.391561
23-09-2022,Suspension,Hatchback,19210,63.45707638,27.10889685,1116,926.6689909
09-06-2017,Brakes,SUV,14397,16.33372427,20.42253195,1318,1281.382324
02-04-2019,Suspension,Sedan,57833,61.15061384,83.33709743,585,634.0457806
19-09-2010,Electronics,Hatchback,128889,34.02446593,50.88668989,1365,1528.132858
27-10-2021,Suspension,Sedan,45279,30.25910351,71.69444712,835,985.5485345
02-11-2021,Brakes,SUV,125886,63.96523487,50.87646248,1844,1988.338846
14-04-2022,Engine,Truck,136169,22.95460658,51.60305987,1087,895.6841374
25-09-2012,Suspension,Truck,65979,22.60959518,2.669229283,1600,1891.094034
06-08-2015,Suspension,Hatchback,127290,46.24129954,2.203587215,1965,1708.21374
11-07-2020,Brakes,Hatchback,74196,8.931567006,46.65905253,534,624.5598951
14-09-2010,Electronics,Sedan,135401,8.737472023,3.566779572,1837,2053.513412
29-01-2010,Engine,Hatchback,74268,78.89587787,54.39671789,1160,940.3880429
18-12-2014,Suspension,Hatchback,50584,43.34558546,3.815766248,1767,2000.067229
20-08-2013,Suspension,Truck,18951,70.78004972,63.82446738,1001,1022.878442
08-02-2014,Engine,SUV,71122,86.60362367,2.618415799,885,1043.988692
29-01-2011,Brakes,SUV,65413,59.22628081,97.58848238,1474,1451.901145
18-07-2014,Brakes,Truck,76586,6.306485648,70.94485491,1231,1276.317759
22-09-2017,Engine,Hatchback,14471,25.72156286,47.88095818,657,788.0497827
29-05-2013,Engine,Sedan,87632,72.81534621,64.29035766,532,527.7021742
13-07-2011,Electronics,Truck,70514,31.17882447,6.7101015,1815,1805.032435
19-12-2020,Transmission,SUV,43682,26.75715733,80.08613563,808,729.2725419
14-07-2021,Engine,SUV,52246,29.8635059,13.91410368,842,714.3154335
12-07-2017,Engine,Hatchback,95499,62.41691064,17.55693662,1857,1695.206216
28-01-2019,Suspension,Truck,12971,79.0054096,13.3879449,1070,1050.401051
14-05-2015,Engine,Sedan,62906,20.44573946,79.47891336,571,676.8371622
04-06-2014,Electronics,Sedan,114350,61.29048548,89.39295268,1417,1138.182452
28-05-2020,Brakes,Sedan,84330,85.01017935,81.49540742,1867,1578.879873
20-03-2018,Suspension,Sedan,136418,44.46152063,92.42515239,1489,1324.326535
04-10-2013,Engine,Sedan,138595,81.06287745,46.75363978,1977,1991.008295
01-09-2017,Electronics,Sedan,101902,59.69128492,66.37973572,820,714.6476161
26-02-2021,Brakes,Truck,100749,29.4689699,27.13582541,1365,1595.556527
25-01-2013,Electronics,SUV,17038,62.80130243,16.53449561,826,873.0615143
16-08-2014,Engine,Truck,129859,69.55676305,81.08606289,1889,2090.698923
03-06-2018,Suspension,Hatchback,91008,28.68912286,95.78029444,1651,1958.963075
30-04-2018,Electronics,Truck,34806,20.73995293,32.57848885,1422,1652.472515
22-11-2011,Electronics,SUV,100151,0.618090851,7.526885214,1086,1073.851417
20-01-2019,Transmission,SUV,98798,78.23887356,56.721795,1597,1428.021528
22-02-2017,Electronics,Sedan,32500,29.30404872,34.95422486,1674,1790.963279
19-10-2014,Transmission,Sedan,76369,89.39723388,52.6178646,1459,1714.462601
18-12-2017,Transmission,Sedan,62889,14.59108428,67.71398482,526,421.7872374
26-10-2017,Brakes,Sedan,122482,36.05771659,97.88497213,1826,1466.563246
18-01-2012,Brakes,SUV,134746,5.978662744,42.90807869,1224,1369.538849
26-09-2012,Transmission,Hatchback,92023,36.99803455,75.43451366,678,550.8081607
29-09-2021,Electronics,Hatchback,129312,12.5505294,62.47549423,1404,1254.164187
27-02-2011,Brakes,Hatchback,84139,60.03749034,2.837612687,1509,1304.53122
24-03-2021,Transmission,Sedan,95572,70.34569224,0.002518385,1846,1967.579261
17-10-2013,Suspension,Truck,69964,15.65977391,18.28299697,994,900.3119707
01-09-2018,Brakes,Truck,38084,68.60332185,30.23669552,1641,1913.705998
06-10-2022,Engine,Hatchback,139542,20.83361367,82.30211189,765,812.7780902
08-06-2020,Brakes,SUV,135993,47.91729474,13.32421499,863,722.7490797
09-06-2014,Transmission,Hatchback,64964,9.237335886,65.81630736,583,505.4088926
01-11-2017,Brakes,SUV,60108,55.45456582,67.37978433,1434,1204.707148
09-05-2011,Transmission,Sedan,94328,42.83260756,77.03724047,1090,895.7123009
19-10-2016,Suspension,SUV,119647,25.35915787,3.440960875,1847,2064.052734
24-07-2020,Electronics,Truck,47834,91.11209758,43.43608489,834,682.8870936
04-08-2021,Electronics,Truck,87521,38.53174756,59.62832143,1704,1531.510932
15-05-2012,Engine,SUV,41139,7.96459765,56.38055096,1150,1162.709974
27-11-2012,Suspension,SUV,133065,13.718596,72.87596021,1337,1368.558519
29-07-2019,Brakes,Sedan,141668,76.73429569,87.27640998,1430,1572.854545
27-12-2022,Transmission,SUV,20268,49.68633943,29.48588132,1080,1113.965002
21-01-2022,Engine,Truck,70801,43.77918337,91.39776467,1711,2017.837141
17-10-2021,Transmission,Hatchback,55302,86.65588819,19.65399811,1503,1589.557368
25-11-2019,Electronics,Sedan,50308,1.388336526,42.33007355,932,752.0932932
14-01-2012,Transmission,Sedan,88426,65.77857873,18.63458087,694,733.9551849
11-06-2021,Electronics,Truck,28440,11.8326331,94.56106375,900,937.2307578
12-09-2021,Brakes,SUV,86304,28.2781116,63.13055429,1968,1602.544235
16-09-2011,Suspension,Hatchback,70871,19.77912667,29.93499627,596,690.0690371
28-04-2013,Engine,Truck,20715,31.08655785,10.38660533,1831,2137.559379
16-02-2018,Engine,Truck,131471,74.2841554,81.54497926,912,962.5916193
17-03-2016,Electronics,Hatchback,144779,67.20858054,11.74398211,1697,1378.201836
08-09-2020,Brakes,Truck,57410,49.47735401,60.12542432,746,850.8525051
03-04-2012,Transmission,Hatchback,30089,79.22410497,68.97040675,1559,1425.536689
15-02-2014,Electronics,SUV,114068,69.12819256,82.65920192,1432,1611.452411
02-08-2010,Brakes,SUV,26795,50.5262413,63.13895463,1043,894.2531475
19-07-2021,Electronics,Truck,95429,6.086263404,40.54849104,514,441.3236202
04-04-2014,Transmission,Hatchback,120033,95.80236738,13.40402288,1809,1845.512876
21-08-2019,Brakes,SUV,74463,61.88047567,16.54331989,1807,1563.244041
21-04-2013,Brakes,Hatchback,29088,69.08295498,64.83825263,522,460.4023251
09-12-2013,Electronics,Sedan,127316,59.05542175,93.07526515,1883,1593.719925
21-07-2014,Transmission,SUV,10863,86.88073148,36.45916912,1315,1537.724255
19-01-2014,Suspension,Truck,147431,77.37790141,69.11118445,1591,1849.003554
23-10-2010,Transmission,Hatchback,96595,70.51158663,20.31641682,1511,1559.577908
25-01-2021,Transmission,SUV,25383,67.27550142,26.00857712,1277,1395.674625
12-04-2020,Electronics,Hatchback,139620,49.2505559,72.57535027,1657,1352.757087
26-11-2020,Electronics,SUV,104100,71.26884289,16.43454418,523,554.4197001
31-07-2015,Transmission,Truck,76542,5.254753128,49.49335976,1165,1203.736626
19-10-2018,Electronics,Hatchback,35786,79.71985652,67.27489775,811,927.0439205
06-08-2022,Engine,SUV,43938,13.14040886,6.14513909,1787,1868.234438
10-01-2016,Electronics,Truck,98198,24.51817353,29.62382381,1651,1591.762355
25-01-2022,Engine,Sedan,15620,51.85121298,15.59365553,1554,1522.185479
18-06-2017,Electronics,Truck,59171,95.34258475,30.09489257,1037,1161.849618
09-12-2014,Engine,SUV,72259,49.45810734,76.98379884,1174,988.8458473
14-01-2010,Transmission,Sedan,15348,27.70319145,2.874833877,1205,1309.680827
09-02-2010,Suspension,SUV,57997,0.035649019,14.9112377,513,422.8330993
26-08-2021,Electronics,Hatchback,67525,38.69374391,23.54694336,759,866.167477
09-01-2010,Brakes,Truck,51713,49.03734262,44.9175762,1143,1260.034596
29-12-2022,Transmission,SUV,136006,25.54841926,72.48595596,1466,1751.683801
11-02-2016,Brakes,SUV,89634,35.64607843,29.55812405,1615,1531.219682
04-02-2010,Transmission,SUV,19868,55.21657439,87.95017977,1707,1636.60894
26-04-2018,Suspension,Sedan,122895,93.08242521,36.53037447,1566,1449.182481
25-07-2017,Suspension,Truck,84091,11.61106222,55.68108926,971,968.8986723
27-07-2015,Electronics,Truck,75888,27.9332532,28.213718,602,630.9804575
28-07-2021,Suspension,Sedan,26560,6.400916548,47.99907965,1283,1511.272109
19-01-2012,Suspension,Sedan,133343,79.12013673,95.29662378,613,668.9773257
17-04-2021,Suspension,Sedan,128013,39.27571179,89.72485271,1398,1124.900691
16-02-2013,Electronics,Truck,33046,23.66468113,44.71361411,1351,1595.066232
28-05-2010,Suspension,SUV,102301,81.28242347,28.73531073,844,854.5653109
15-07-2016,Transmission,Truck,11171,28.63691141,83.59446279,1905,2252.435218
28-12-2013,Suspension,SUV,24957,13.19458796,1.170507811,646,635.4006945
06-06-2012,Electronics,SUV,116891,80.31887377,48.13121848,1169,1302.854943
03-01-2017,Brakes,Hatchback,85234,94.65773135,44.6979276,737,803.8527245
27-04-2021,Brakes,Truck,110400,47.35420782,16.5881188,1843,1680.143294
23-06-2015,Electronics,Sedan,120385,32.56837146,13.05301593,703,768.0607524
02-02-2012,Engine,SUV,93808,54.18469677,84.21363926,733,873.6502389
21-07-2015,Brakes,Truck,105093,28.15437359,7.006502624,887,799.3590548
22-08-2018,Brakes,Truck,126946,39.54036395,11.19285975,925,973.3769247
24-11-2022,Engine,SUV,14181,38.23809038,29.27352498,1359,1298.556702
10-11-2015,Brakes,SUV,49777,52.2708399,12.29456536,1242,1028.973077
05-07-2016,Brakes,Hatchback,148646,12.89157868,79.26710891,1891,2212.674135
07-05-2013,Brakes,Sedan,112313,41.49322016,10.06838304,838,723.0996925
02-09-2022,Electronics,Truck,127221,58.68634541,33.47670802,1022,1134.377398
23-02-2011,Engine,Truck,136860,91.28943781,82.27651718,1707,1640.457271
25-08-2010,Suspension,Sedan,27058,52.82218296,17.62773388,1844,1856.618238
08-05-2016,Brakes,SUV,48679,45.28144004,4.608077998,1948,1750.769362
27-06-2021,Brakes,Hatchback,101068,21.70233077,7.255995954,1096,945.8949099
06-06-2013,Electronics,Truck,52984,33.15480449,88.42134535,1485,1447.232982
05-06-2022,Electronics,Sedan,137655,11.8405163,40.31865457,1956,2328.539983
24-09-2019,Brakes,Truck,75883,78.65616145,43.76750506,1238,1399.931989
27-05-2017,Brakes,Sedan,14243,54.80380374,32.69803448,818,769.0541203
03-12-2019,Electronics,Truck,129830,95.22598553,37.97166081,1073,1007.977745
11-05-2013,Transmission,SUV,21205,10.61416846,24.7294316,770,903.2848725
12-10-2013,Suspension,Truck,116099,46.91286475,95.05891606,1855,1765.056643
12-02-2019,Transmission,Truck,102750,26.18167213,8.916290072,1380,1168.582286
12-06-2021,Suspension,Hatchback,33508,42.66540834,97.13014264,1241,1023.712797
26-09-2017,Brakes,Truck,17054,68.50871244,40.92181269,1908,2117.586383
03-02-2017,Transmission,SUV,35551,69.01493905,70.90047827,1892,1668.869169
13-06-2014,Engine,Truck,106205,3.32786097,21.10205798,507,500.9268345
12-08-2010,Suspension,SUV,61188,13.38002602,63.61559206,1664,1970.075949
05-04-2017,Brakes,Sedan,129941,38.88961788,49.73891065,1237,1387.566614
08-09-2019,Suspension,Hatchback,130851,65.71614804,14.14358606,1897,1993.674295
19-06-2020,Engine,Sedan,122097,24.74064462,12.96919424,959,1106.127586
16-07-2013,Suspension,Hatchback,124363,63.6389954,7.121817694,1343,1124.988741
22-03-2015,Transmission,Hatchback,58038,89.01975177,22.88867415,1211,1334.051497
18-10-2011,Suspension,Truck,78257,1.186252741,25.33686867,820,756.5171152
16-01-2022,Engine,SUV,120262,77.95542046,32.87757633,1416,1396.658589
14-07-2015,Suspension,Hatchback,99090,1.332192287,23.16674181,1433,1320.379872
26-08-2013,Electronics,Hatchback,92669,80.42589678,29.31201135,1038,1047.41563
29-11-2011,Suspension,Truck,100836,26.29082273,91.23496535,1702,1571.838474
20-01-2021,Engine,Hatchback,32491,50.50070689,17.63492777,1678,1890.290907
19-10-2014,Electronics,Hatchback,68879,71.22517406,32.03645209,1648,1688.812397
19-07-2010,Brakes,SUV,70034,47.66872019,42.98046588,909,1049.697262
03-04-2013,Brakes,Hatchback,104724,18.62923022,4.476644873,539,570.8140853
09-03-2012,Suspension,SUV,105557,31.55418549,48.12634028,1160,1131.261278
11-10-2011,Brakes,Hatchback,100796,37.0755695,89.89283259,577,501.1867565
09-10-2017,Electronics,SUV,63797,75.56240624,76.26254433,1737,1892.132493
01-10-2020,Engine,Hatchback,23072,67.41761619,41.06617469,701,617.1357824
24-06-2015,Engine,Sedan,68901,67.49468685,90.07971596,912,731.9406417
23-07-2011,Transmission,Truck,94820,6.268571344,22.56440718,1518,1551.371628
01-06-2014,Suspension,Truck,130391,97.5718098,69.87265307,649,645.5402425
29-11-2013,Suspension,Truck,49317,78.50942104,36.50322799,1278,1164.660433
09-11-2021,Transmission,Truck,37598,93.51338202,12.34992393,1724,1641.301787
10-05-2015,Engine,SUV,119064,75.94463136,70.95316485,1311,1235.007442
21-04-2015,Transmission,Sedan,128632,18.25866412,52.48916558,1357,1269.271749
02-01-2016,Engine,Sedan,76615,18.12150619,69.41671654,1136,955.2324147
24-07-2016,Transmission,SUV,142997,32.26862196,29.82624852,1482,1485.650277
18-08-2013,Electronics,Hatchback,47934,32.76802938,30.14202778,764,897.2258746
03-09-2020,Transmission,Hatchback,38399,99.14433404,68.35380758,736,715.1677675
09-06-2012,Suspension,Sedan,51126,97.80085987,76.05822331,1648,1860.454165
16-09-2017,Brakes,Truck,121634,68.51456493,23.2947649,1894,1773.335455
18-03-2018,Suspension,Sedan,52220,85.51816229,5.407469649,978,1154.472797
19-01-2018,Brakes,Truck,119304,70.56322095,58.74281763,1636,1496.0599
27-09-2019,Transmission,Sedan,74661,57.06581216,35.28543194,1734,1395.850503
22-12-2022,Electronics,SUV,103136,30.34797972,4.584750843,1084,974.646176
01-01-2014,Brakes,Hatchback,127494,88.15784477,99.91424784,709,795.0624447
14-05-2020,Electronics,SUV,52905,22.45734866,45.41050869,579,692.6878655
19-02-2016,Engine,SUV,138921,60.99215917,9.797710243,1908,1620.256289
11-12-2020,Engine,Hatchback,126365,99.63353243,54.15846974,1014,890.2125272
29-10-2020,Engine,Truck,149317,22.0105572,73.63198514,1814,1630.553811
17-10-2013,Suspension,Sedan,15024,4.180632171,69.31113958,1021,1192.641166
05-04-2012,Transmission,SUV,45917,91.9792575,14.36991675,957,1111.23855
14-01-2015,Brakes,Hatchback,62776,91.56915197,64.48986592,1489,1219.291
22-05-2021,Transmission,Hatchback,93682,54.03339547,21.65986965,1882,2156.713178
25-03-2021,Electronics,Sedan,64866,93.74448303,50.93757668,1036,951.0418442
08-04-2021,Transmission,Sedan,134869,29.89966566,41.22106181,961,786.6903044
28-04-2016,Brakes,Hatchback,21700,11.31278921,86.71225474,1479,1492.261417
07-11-2022,Transmission,SUV,51465,78.76091441,89.07933254,1055,941.273656
15-06-2010,Engine,Hatchback,137188,91.78130195,55.53571625,1065,856.8784736
21-09-2019,Transmission,Sedan,36089,65.35033711,70.79661842,1226,1149.602612
10-03-2015,Brakes,Hatchback,30765,21.74267632,79.63745787,1950,1981.636999
12-10-2017,Suspension,Truck,117279,18.74081089,14.80781046,1725,1497.201891
09-08-2012,Brakes,Hatchback,58610,83.59731255,27.07483789,1671,1643.645819
29-04-2017,Brakes,SUV,122589,79.29501974,80.23552529,1946,1610.146563
29-08-2011,Brakes,Sedan,28918,12.22841736,16.81152228,1493,1475.071674
29-12-2021,Engine,Sedan,88759,37.57450866,63.49298852,1543,1654.96797
06-06-2010,Engine,SUV,22415,86.08462898,13.10885566,1751,1427.390658
09-09-2011,Electronics,Truck,77330,6.214046646,94.42918419,1310,1106.714777
23-08-2016,Transmission,Sedan,29368,83.85923081,88.14196653,1437,1194.490794
20-03-2011,Electronics,Sedan,105397,59.50756831,88.10319411,1920,2247.761816
06-06-2012,Suspension,Sedan,29931,10.66219804,8.746107394,607,637.1072678
03-06-2021,Brakes,Hatchback,95635,88.72610808,53.44480938,1237,1450.808078
04-03-2011,Suspension,SUV,41569,61.97937558,95.718154,938,889.4874938
23-11-2012,Brakes,Truck,117639,17.69945349,17.32741588,966,1049.424835
17-01-2010,Transmission,Sedan,138285,70.82332086,82.4534906,1740,2073.623932
03-08-2016,Brakes,Hatchback,114501,39.19531252,91.15416816,796,897.7776509
08-05-2013,Transmission,Hatchback,56527,44.1217113,74.8105248,1005,809.0056822
23-03-2021,Suspension,Truck,140797,71.48867931,27.59444214,1917,1721.580958
28-08-2016,Brakes,SUV,98307,38.11435294,10.67776733,1292,1222.737152
03-04-2021,Suspension,Sedan,33280,29.8421682,58.75059183,1740,1909.813895
04-12-2022,Transmission,Hatchback,140112,94.83224615,31.61299435,1323,1524.948914
01-06-2017,Electronics,Truck,149417,31.2304149,79.36680521,1055,1033.630216
16-10-2011,Engine,Truck,57773,26.44512235,76.07239463,520,561.2430269
05-08-2018,Suspension,Hatchback,79222,60.54750821,44.23732358,904,779.1842399
08-01-2010,Brakes,SUV,111886,82.0972086,72.46471108,1673,1507.36916
11-06-2020,Engine,Truck,149888,66.60068068,94.00593732,1530,1396.76145
17-11-2012,Suspension,Truck,17488,9.706348101,22.26737757,1804,1623.221269
23-04-2022,Brakes,Sedan,72738,19.25167622,78.59590828,1812,2140.462888
08-07-2022,Transmission,SUV,109435,29.48794412,0.484935154,1471,1376.939609
30-09-2011,Suspension,SUV,44049,42.9538173,28.10436082,1922,1727.511634
16-07-2012,Engine,Hatchback,11902,65.97067329,35.37906704,507,420.1280425
13-06-2018,Electronics,Hatchback,110039,90.83218168,23.91837513,1500,1399.765641
05-11-2018,Electronics,Sedan,24643,62.08159038,43.39205133,1998,2393.045878
04-12-2017,Suspension,Sedan,102192,65.7684501,79.72257945,1210,1190.330258
16-06-2013,Engine,SUV,18592,62.05990381,68.46950476,1333,1497.815551
29-12-2014,Brakes,Sedan,133548,30.85713926,10.80946047,1318,1259.290355
24-03-2015,Engine,Sedan,11669,79.31953305,21.31016126,729,648.1594166
11-02-2021,Electronics,SUV,52473,69.78506292,52.31058207,1756,1584.958897
21-03-2020,Brakes,Hatchback,140307,67.07324986,36.86530248,1091,884.358374
30-03-2011,Electronics,Sedan,29651,82.24830186,39.73675723,705,619.9699141
21-11-2010,Electronics,SUV,123628,83.11324083,65.72206735,556,596.5958346
19-05-2014,Suspension,SUV,143864,10.04450884,59.97426428,975,940.0706476
18-06-2022,Transmission,SUV,106569,4.363026526,22.34957935,1441,1489.330534
07-10-2021,Electronics,Hatchback,100051,20.51388039,94.048909,1402,1482.797957
18-03-2015,Brakes,SUV,60431,10.03012689,52.57192717,1989,1636.715739
23-07-2020,Electronics,Truck,127507,36.63870133,96.43955572,1141,1202.779727
08-07-2022,Electronics,Truck,75942,23.76305621,98.59955865,640,562.1363929
10-09-2021,Transmission,Hatchback,38036,59.20970571,72.23369735,1015,1115.406092
12-02-2010,Engine,Truck,109867,23.6833465,75.5027157,983,947.4206063
02-09-2017,Engine,Hatchback,146078,42.87167678,28.08663999,1999,1849.07643
06-05-2021,Brakes,Truck,105628,72.49711888,6.469251413,812,938.2294923
10-09-2011,Transmission,Sedan,123663,40.56899883,11.939159,1374,1264.59837
09-05-2019,Brakes,Truck,121857,69.315942,12.37525511,1106,1237.418573
09-03-2012,Brakes,Truck,44115,68.71437459,42.97033328,1070,1045.27348
22-05-2017,Transmission,Truck,86565,69.97467894,87.09586011,1258,1187.447945
29-06-2018,Transmission,Truck,81154,29.78930792,30.33244149,557,536.2866208
27-05-2017,Brakes,SUV,90579,80.80024475,48.24487331,1289,1323.681048
18-04-2014,Suspension,Truck,42633,74.16553895,92.72965669,1431,1289.559583
01-03-2018,Suspension,Hatchback,28497,84.20780296,75.72133128,963,945.942343
05-02-2020,Brakes,Sedan,84887,20.08936519,0.898434043,1521,1548.471459
07-11-2018,Engine,SUV,120703,90.20132459,12.46120736,614,612.1739573
06-10-2011,Engine,Hatchback,148795,17.56697277,23.93414194,784,675.1060675
12-07-2020,Brakes,Sedan,143319,98.76099482,35.43704077,1095,1162.058427
20-12-2010,Suspension,SUV,16405,50.6718694,93.21638766,925,974.2933474
04-10-2014,Suspension,Hatchback,68097,17.16440121,54.99434955,533,426.7852984
07-01-2022,Electronics,Truck,132300,75.51650149,17.43850525,824,743.2990248
31-03-2014,Transmission,Hatchback,124188,17.32469478,78.45636789,1558,1620.476216
05-05-2016,Brakes,Truck,141772,5.2437786,87.58197018,888,925.2382849
18-03-2020,Electronics,Hatchback,93462,1.734580574,4.941323209,876,880.2287746
25-02-2016,Brakes,Hatchback,11272,9.114715586,73.43490528,1587,1605.788804
06-03-2022,Electronics,SUV,10294,41.24245835,27.24851476,654,550.0026928
23-04-2011,Electronics,SUV,91506,43.03504333,33.843361,1568,1394.853197
31-08-2010,Brakes,Hatchback,61834,74.00625184,16.35926805,820,683.0729455
31-03-2022,Engine,Truck,110528,27.16893925,14.09858082,1297,1517.38375
23-01-2010,Electronics,Sedan,89355,50.41658624,51.43704234,976,1058.278023
05-01-2012,Brakes,Truck,49409,51.02126803,89.12669477,1800,1468.905808
08-06-2013,Transmission,SUV,49225,21.91059268,83.44642317,1118,1211.200142
09-12-2021,Electronics,Hatchback,73057,92.18780411,36.13105062,979,820.6643554
16-03-2021,Transmission,Truck,19788,71.12366941,10.39978125,682,697.7169213
09-05-2018,Engine,SUV,65386,20.08975738,37.99369889,1003,1166.523784
09-03-2018,Transmission,Hatchback,38312,3.272461648,55.86026693,1406,1433.294703
01-04-2020,Transmission,SUV,132227,25.2712991,1.718917833,680,568.5250196
22-12-2011,Transmission,SUV,127323,72.74016211,49.45109557,1895,1949.854801
26-10-2015,Engine,Hatchback,90670,80.43491238,18.49575465,1566,1864.429453
16-11-2016,Engine,SUV,106988,13.08271395,50.26654711,1286,1172.997894
17-08-2016,Suspension,Truck,60262,6.549454953,33.56119425,1891,2163.975414
25-10-2010,Engine,Truck,14551,40.43002114,13.99120514,688,696.8214323
03-09-2017,Suspension,SUV,16271,70.83249775,86.37931607,1863,1899.362763
19-12-2019,Transmission,Sedan,106902,28.2764556,93.23597649,940,947.5951811
20-11-2016,Engine,SUV,110464,96.39531934,56.62302934,861,832.3935961
08-02-2022,Transmission,SUV,133742,5.240903002,31.17223614,1141,1236.607841
20-12-2022,Engine,Sedan,50951,80.36448336,86.81008249,1593,1804.830081
01-04-2018,Electronics,Hatchback,13502,75.56036412,63.45820708,543,465.4610759
21-09-2011,Electronics,SUV,55793,77.21400475,57.08665341,1176,1382.39299
06-10-2015,Electronics,Hatchback,66280,69.41669734,64.40525219,1674,1751.665897
30-11-2010,Electronics,Truck,148393,47.34104549,90.04200229,1732,1407.649335
18-12-2014,Brakes,Sedan,58531,22.19090402,81.98362036,1118,1030.439828
15-03-2021,Electronics,SUV,49306,94.73847537,21.85914143,922,779.0548406
21-08-2021,Brakes,Hatchback,21661,33.66240403,15.85702712,1715,1418.112487
13-03-2014,Suspension,Truck,52343,59.92800886,43.61579086,1357,1589.195637
16-09-2020,Electronics,SUV,40541,13.69791604,86.04470418,1508,1213.508303
06-10-2015,Electronics,SUV,72884,3.518830086,73.66219295,578,565.076089
26-05-2017,Brakes,Hatchback,14684,91.54118451,30.35418099,1006,1172.20975
09-12-2016,Suspension,Sedan,141604,3.30594691,8.591461041,1710,1650.461444
30-03-2018,Brakes,SUV,135200,39.95188727,69.4456414,1407,1177.73227
10-11-2018,Suspension,Truck,23394,93.5217803,47.4563538,1547,1727.464511
25-12-2020,Electronics,Sedan,79970,83.05517694,37.53329569,1642,1417.315677
24-07-2010,Brakes,Hatchback,92499,25.4127483,23.62862921,673,781.2340284
26-09-2018,Transmission,Sedan,18803,56.00633093,53.93534946,1130,988.8812998
09-09-2022,Engine,SUV,13811,74.9324004,89.58210148,806,877.6749846
14-03-2018,Electronics,Hatchback,113797,33.35890852,11.35078864,623,552.2899069
06-10-2019,Brakes,SUV,94798,69.29675157,86.52092093,1030,874.6186772
09-07-2020,Suspension,Truck,23991,16.94812132,81.50073175,1230,997.0932766
12-10-2010,Suspension,Sedan,21662,35.71869308,24.46158453,1086,916.6247167
04-03-2018,Brakes,Sedan,86079,98.46425627,56.38950995,1644,1602.874532
12-05-2020,Suspension,Sedan,113217,88.49475983,68.23264262,1687,2006.330121
24-11-2019,Transmission,Truck,22644,48.83770892,88.46174481,1032,988.5939278
25-06-2016,Engine,Hatchback,126301,44.12690169,76.5331196,1572,1791.673944
03-01-2012,Transmission,Truck,67456,58.6703477,88.87044343,837,786.1902377
07-04-2011,Brakes,Sedan,87205,43.92281941,88.62674146,1495,1302.845301
03-12-2016,Brakes,Hatchback,106241,40.17371543,61.46452231,1481,1459.369355
09-10-2014,Engine,Hatchback,26245,51.27025853,96.74630804,1810,2153.148061
07-10-2016,Engine,Sedan,130188,34.78624996,33.08139357,927,1076.020701
28-09-2010,Engine,Truck,22878,54.02127436,4.160458807,1728,1473.544105
30-06-2014,Electronics,Truck,40466,95.89257207,65.47914545,1363,1301.832955
05-06-2019,Electronics,Hatchback,137943,78.38422701,41.383865,502,502.9376648
25-05-2019,Suspension,Truck,103003,26.07462412,57.8268583,729,789.4007852
21-10-2018,Engine,Hatchback,25542,49.74701047,50.90226418,1321,1107.558309
11-11-2022,Brakes,Sedan,47524,28.81473764,28.35548825,607,685.1538879
25-10-2020,Transmission,Truck,132156,75.86459643,85.46140731,597,630.4755217
22-11-2012,Engine,Hatchback,125630,15.129696,25.98476727,1155,1098.986599
05-06-2021,Brakes,Hatchback,95671,80.08820294,61.27715702,1096,1075.737328
10-08-2016,Engine,SUV,106170,43.36725488,88.71928982,1042,870.8578099
07-09-2018,Brakes,Hatchback,55281,30.33753594,91.12778951,1799,1655.288685
04-03-2021,Electronics,Truck,76887,48.7661123,32.33858277,1735,2060.512682
05-11-2015,Brakes,Sedan,126941,68.20996201,47.89092279,1144,1277.793729
15-02-2016,Suspension,Truck,104850,73.94636739,74.66824837,1729,1750.070875
09-06-2010,Electronics,Truck,28321,12.99619097,44.8079559,1700,1919.568829
21-09-2014,Suspension,Sedan,104639,50.05281627,33.11003136,1777,1867.215658
05-06-2015,Suspension,Truck,67695,82.54016527,45.05139844,1051,1110.22089
20-10-2017,Suspension,Hatchback,45468,23.5513263,61.86153102,925,1062.951786
18-08-2012,Electronics,Truck,111485,6.616484907,81.01577578,911,848.1630603
23-12-2018,Transmission,Sedan,78984,38.35903825,56.12172467,1122,907.0323178
17-09-2010,Electronics,Sedan,142056,20.47474942,99.36565154,631,660.7981086
07-04-2021,Electronics,Hatchback,27072,80.70612666,74.71297037,1252,1264.890751
21-02-2015,Engine,Truck,11695,0.162805768,23.40972958,1224,1201.835186
15-06-2022,Electronics,Sedan,68647,37.74890795,53.34911945,1564,1872.727415
30-07-2012,Brakes,Truck,81719,38.86590421,66.26910307,1111,1083.950433
25-02-2015,Transmission,SUV,57707,64.77855628,49.67326463,912,1080.714722
13-04-2012,Suspension,SUV,16180,76.22100197,31.18891982,724,679.9590715
26-10-2017,Electronics,Truck,105320,88.63009705,48.92004804,1414,1336.445808
23-09-2011,Suspension,SUV,22616,92.44949028,5.421861182,1465,1515.043724
17-11-2022,Engine,Sedan,15614,50.6335628,81.54110282,1494,1720.268221
23-03-2020,Suspension,Truck,117313,75.95308514,95.16124183,940,769.3155664
27-09-2016,Electronics,Truck,93208,65.00072912,22.01712891,1265,1364.928823
07-05-2015,Brakes,Sedan,134041,97.32156362,8.23731901,1703,1931.895715
26-12-2018,Brakes,Hatchback,64891,81.95302544,20.6011757,659,618.8221898
29-12-2014,Brakes,Hatchback,104467,38.72303631,50.98789277,1681,1884.640352
07-04-2015,Engine,Truck,37034,54.27177537,16.9114643,1009,828.2694628
03-05-2012,Transmission,Hatchback,143922,8.427757634,92.97579563,1120,922.0129822
22-05-2022,Engine,SUV,91549,73.94261701,27.4396395,668,797.3717195
12-11-2018,Transmission,Sedan,61009,22.81955667,0.676895001,1690,1854.59719
16-01-2012,Electronics,Hatchback,43010,83.50000592,43.27819381,651,602.7638898
20-06-2019,Electronics,Truck,116394,88.99554511,74.12054218,1587,1781.81154
03-11-2020,Electronics,Truck,27733,43.93876129,67.99291484,1150,1166.384859
24-12-2020,Transmission,SUV,142765,75.28265596,74.15765077,1234,1346.762487
05-01-2022,Engine,Hatchback,141387,85.97320406,31.50984053,1483,1778.124749
12-02-2010,Transmission,Hatchback,122908,18.12294319,6.243333924,919,964.8577334
05-04-2011,Transmission,Sedan,144109,48.11634531,92.27264722,1994,1980.692585
28-04-2011,Electronics,Truck,87676,39.07261698,28.18039593,1774,1483.703051
04-04-2021,Transmission,Truck,118956,96.2845803,45.24220984,1539,1620.513303
10-11-2017,Suspension,Truck,144331,42.71498787,31.94234731,1493,1523.175454
29-04-2012,Engine,Hatchback,38301,88.86477677,30.84338812,523,499.7955059
28-06-2016,Transmission,Hatchback,124128,62.7402019,38.1914452,1278,1221.194024
12-09-2017,Transmission,Truck,129424,7.302004193,94.70744493,969,974.4906474
26-07-2011,Suspension,Hatchback,114881,79.76963738,39.3765968,725,672.6943565
15-10-2010,Engine,Hatchback,51422,20.74030788,67.92552868,670,744.681778
13-02-2010,Engine,Sedan,54627,11.48583645,82.76884319,517,443.3146076
05-02-2017,Electronics,Truck,106470,64.01529199,34.42472191,1408,1168.179137
23-01-2015,Brakes,Hatchback,42102,27.34707903,43.62352902,1676,1455.437378
16-07-2010,Brakes,SUV,145206,63.74328636,64.83358046,977,872.2093264
13-01-2013,Brakes,Sedan,37573,23.67116601,57.10862325,1839,1485.147327
05-02-2010,Suspension,SUV,93560,26.93914716,21.00135704,1591,1792.779293
12-08-2020,Electronics,Hatchback,34275,42.73430363,71.402292,783,917.4236953
16-08-2020,Suspension,Hatchback,110133,39.94684375,49.62141486,1308,1293.87016
19-02-2010,Suspension,Sedan,99646,78.15074283,15.66771097,1170,998.5576014
15-03-2010,Transmission,Hatchback,11790,87.20737065,69.66935257,1640,1841.315775
05-08-2017,Suspension,SUV,124264,62.33493196,39.94277392,1272,1143.421586
19-08-2021,Transmission,Truck,86034,70.12223015,45.844381,1747,1785.910098
24-02-2018,Brakes,SUV,118221,6.615450573,84.7023044,1049,1002.225429
15-03-2018,Brakes,Truck,52464,37.70973425,64.33870959,1788,1844.032777
18-04-2014,Electronics,Truck,57596,88.85500683,23.36057282,1254,1225.136066
31-12-2011,Brakes,Hatchback,90462,85.44809349,19.18806489,1774,1921.373725
23-09-2019,Transmission,Sedan,62529,7.48467206,41.95343532,626,702.3851433
27-09-2019,Engine,Truck,64389,86.38102904,83.92506089,694,635.6815417
29-12-2010,Electronics,Truck,24606,75.51602505,83.28638385,906,911.1355788
22-02-2018,Suspension,Hatchback,48250,93.29467709,34.75270527,776,695.3029136
01-05-2021,Transmission,SUV,27987,85.42232279,69.37556959,691,601.3564634
26-06-2011,Engine,SUV,140141,79.4775306,28.27145541,1962,1883.67887
20-02-2012,Transmission,SUV,148802,83.72808193,74.46941754,798,913.6722056
23-01-2013,Transmission,Truck,104064,81.93645595,94.73346552,1121,1138.472969
27-05-2013,Suspension,SUV,100805,42.8919023,26.72075232,1887,1596.168456
06-02-2015,Engine,Hatchback,134750,48.59601687,70.68510516,837,996.5856611
08-07-2014,Electronics,Hatchback,38855,81.98135288,21.61853525,1262,1365.703852
08-07-2014,Brakes,Hatchback,61674,85.12881101,72.12349157,1086,1236.594931
24-03-2015,Electronics,Hatchback,11655,37.54611794,58.15731684,1125,940.670035
09-12-2015,Transmission,SUV,92560,52.46217038,54.86104456,777,867.1010027
23-07-2016,Transmission,Sedan,145736,53.38563324,25.53321645,1552,1531.872696
13-06-2020,Engine,Truck,89827,2.16643234,29.25131175,1320,1510.408994
10-05-2017,Suspension,Truck,34401,60.90813471,74.03047447,1040,1213.562016
03-04-2015,Brakes,Truck,147940,94.68813465,27.31168665,1153,973.3005506
12-10-2022,Transmission,SUV,34906,39.78816214,90.58797643,650,544.3257048
13-03-2015,Engine,Sedan,149858,32.46526233,39.10202354,1709,1379.145673
16-07-2016,Suspension,Sedan,63938,42.92550466,31.79440045,750,690.2114411
06-07-2022,Electronics,SUV,43271,48.92672747,96.7856249,1472,1565.843395
06-02-2018,Transmission,Sedan,140796,32.65879795,60.14658753,1689,1996.829391
11-11-2014,Brakes,Hatchback,38428,52.97470355,35.02885972,770,849.9947345
06-01-2012,Brakes,Truck,98348,93.30578501,79.24082325,1227,1043.150912
27-08-2022,Suspension,Sedan,22936,35.35180886,93.2613785,1806,1448.969823
12-04-2015,Brakes,SUV,127082,90.00126988,29.3597462,826,664.2698204
09-07-2016,Suspension,Hatchback,123155,40.24048454,71.29217369,1550,1365.855581
04-09-2021,Engine,SUV,106065,13.05188262,57.22096025,523,553.9957072
29-09-2019,Brakes,Truck,63223,96.33903283,66.32034267,1140,1267.26874
16-03-2013,Brakes,Sedan,123415,90.69069472,4.556992287,1523,1435.140861
05-09-2011,Suspension,Truck,47586,2.84113755,94.6424095,1826,1857.979562
08-08-2017,Transmission,Truck,34763,10.8198301,53.46155927,568,541.6168625
16-09-2019,Brakes,Truck,111616,14.75642738,48.77030586,1999,1745.163545
04-01-2010,Transmission,Sedan,123593,99.84834381,29.63847707,1522,1331.267598
10-02-2016,Suspension,Truck,106738,20.98312439,58.74751778,1219,1118.947517
13-10-2019,Suspension,Truck,18679,21.5655875,86.33059017,1396,1645.575522
30-07-2018,Suspension,SUV,134268,90.65099331,52.17191875,621,615.2303807
05-11-2019,Electronics,Sedan,69402,12.31672801,17.68105444,1109,951.4006721
10-11-2012,Brakes,Truck,146321,11.61561962,40.56119408,987,853.6955977
30-03-2018,Brakes,SUV,30518,11.9025214,11.23557729,700,614.322403
17-07-2013,Suspension,Truck,119044,62.10442092,92.02374946,576,487.6376204
19-12-2015,Engine,Truck,52024,14.29380512,81.12262679,959,889.0619158
18-07-2014,Engine,Hatchback,43965,73.61376155,76.87782217,1685,1909.964108
27-09-2018,Brakes,Truck,33995,35.46456954,89.29161064,1093,998.9930682
29-10-2014,Electronics,SUV,138439,65.48979983,90.91735545,1148,1205.15783
04-04-2017,Electronics,Hatchback,139481,67.73884895,34.44381045,1791,1878.156728
23-03-2016,Engine,Hatchback,51882,92.8690635,45.48448161,1971,2080.151903
16-04-2016,Electronics,SUV,96099,74.10528596,25.55257304,757,614.7293696
21-07-2015,Brakes,SUV,36795,92.79494779,9.589375441,1423,1658.14686
20-06-2020,Suspension,Truck,131196,68.70402547,13.77459736,768,884.0050122
06-06-2021,Suspension,Truck,20930,11.68938939,78.71317623,1297,1062.152353
30-03-2012,Brakes,Sedan,84854,61.53007478,77.35868563,1205,1354.45652
10-03-2018,Suspension,Truck,85921,36.22241435,79.00558404,899,799.7481706
15-07-2020,Transmission,Sedan,48539,63.89924728,36.67509679,1222,1410.635351
04-03-2012,Brakes,Truck,117703,99.56132433,35.17851563,1022,1042.521599
24-04-2018,Suspension,Truck,118609,28.40440262,92.05278567,1706,1844.755678
25-12-2011,Suspension,SUV,40953,18.19175917,56.41316098,536,619.5993394
23-12-2020,Brakes,SUV,25668,63.94733835,17.53723602,1365,1241.044681
12-08-2015,Suspension,Sedan,131211,7.04513942,15.14074469,510,508.0259755
29-12-2017,Transmission,Hatchback,108925,50.36172909,20.31447694,718,686.4152994
18-12-2017,Transmission,Hatchback,100211,54.24111554,92.65916839,560,536.1045425
07-10-2016,Electronics,Sedan,89344,70.96835894,74.03002353,1906,2092.596115
23-12-2016,Transmission,Hatchback,116900,67.74188889,32.73174113,1822,1536.312187
21-10-2020,Engine,Sedan,78036,7.268012523,16.61505775,1060,966.0608821
24-06-2010,Suspension,Truck,34768,76.51144679,73.41372064,767,790.2043086
27-05-2015,Electronics,Truck,60116,99.1820129,89.76098262,1051,1031.598833
10-02-2013,Electronics,SUV,64469,48.38018955,56.00116655,1784,2100.996688
12-06-2014,Electronics,Truck,38762,18.45974372,14.69115352,1347,1372.247839
30-06-2014,Engine,SUV,128735,84.21271504,70.84503245,620,535.1961489
01-10-2021,Transmission,Sedan,86401,86.0234538,56.19172345,1292,1511.844443
26-07-2018,Brakes,SUV,77763,55.47336164,75.60808486,1681,1948.372019
28-07-2016,Electronics,Truck,22585,22.60963577,14.02731538,1890,1698.517623
28-01-2011,Brakes,Hatchback,64999,2.949863667,41.41324687,1273,1186.131053
31-03-2017,Brakes,Hatchback,41373,45.80846126,10.68368833,1711,1371.378063
09-07-2015,Brakes,Hatchback,98656,53.38774448,33.84980164,1962,1940.983916
21-10-2015,Electronics,Truck,37939,93.67397434,47.72638196,1322,1129.346179
16-02-2013,Engine,Sedan,94706,58.99133726,51.3073801,1415,1440.96713
07-09-2014,Transmission,Hatchback,96249,66.88091736,56.22732723,510,479.036655
27-09-2020,Engine,SUV,38465,96.49520853,92.44140801,1435,1202.991843
24-04-2010,Suspension,SUV,72918,47.85314437,1.070466824,1180,1207.021116
14-12-2018,Suspension,SUV,137064,79.6436256,11.32682941,969,826.620575
20-11-2010,Transmission,Truck,14029,38.56459635,58.90238208,736,846.5900638
22-02-2013,Suspension,Hatchback,85590,6.183822856,88.98016843,1780,1968.468972
23-09-2017,Transmission,Hatchback,103814,91.79378059,60.07363089,732,737.4708215
21-11-2014,Brakes,Sedan,98685,84.0517199,83.70109,1145,1170.133139
02-12-2021,Engine,Sedan,54520,72.23472151,55.22797348,1100,1292.233912
22-05-2019,Transmission,Sedan,37915,4.684417453,64.58699743,1748,1545.774001
21-06-2012,Brakes,Truck,93618,19.55686011,74.4880198,1904,1561.645331
26-04-2020,Brakes,Sedan,112988,27.97940291,32.18045335,922,976.585878
05-09-2012,Electronics,SUV,46587,68.3043869,27.69119786,1425,1516.153908
24-08-2019,Suspension,Sedan,50345,64.58212759,4.172043459,1044,1216.295487
04-08-2021,Electronics,Truck,68754,56.90092153,30.73724126,1255,1437.26236
09-02-2017,Engine,Hatchback,12054,49.49180974,71.1688575,1289,1287.248292
28-03-2011,Electronics,Sedan,54777,79.75817796,14.13824019,1682,1350.85242
20-01-2015,Brakes,SUV,12636,32.42783107,95.1946679,1205,1233.134346
26-10-2011,Electronics,SUV,111081,96.1934094,50.36733281,1247,1076.20875
28-11-2018,Brakes,Truck,78719,99.42651227,2.393777206,1355,1112.778743
05-05-2022,Electronics,Sedan,90894,27.90154893,89.8790232,1111,1250.62905
11-12-2018,Transmission,Hatchback,39111,72.74485003,92.99497016,658,683.5283837
12-01-2017,Suspension,Hatchback,82964,6.083912963,32.48979757,1500,1416.52636
06-06-2015,Electronics,Hatchback,94128,43.77945666,57.55474667,1160,1165.014814
04-04-2020,Transmission,Sedan,25561,7.852213186,15.3289852,1429,1314.093588
29-11-2013,Suspension,SUV,97406,6.097157725,97.89211891,1035,1094.028544
27-12-2017,Suspension,Hatchback,113991,54.92560645,93.96030222,654,746.4685014
25-03-2015,Transmission,Truck,33412,51.02806944,42.13924237,1154,966.0406366
21-09-2010,Transmission,Truck,126854,14.01789088,99.8162487,1202,1047.263564
07-02-2019,Engine,Hatchback,20375,55.00358647,53.91085912,697,679.5459899
08-01-2020,Suspension,Hatchback,68284,15.37547111,59.42368544,1181,1065.155289
29-12-2010,Brakes,Hatchback,75370,77.30593156,40.40944268,1536,1804.825056
23-02-2012,Suspension,Hatchback,46824,85.97905542,15.83339286,1151,1302.15336
12-02-2014,Suspension,Truck,82198,18.03372061,68.10958224,1130,1328.269313
15-09-2016,Transmission,Sedan,108165,93.78756725,71.47343471,1037,985.4351139
14-09-2018,Transmission,Sedan,74716,60.27381609,98.42730671,1273,1019.096573
16-12-2022,Brakes,Truck,45724,90.54501754,1.894795547,1375,1314.582845
05-06-2012,Suspension,Hatchback,38636,43.88970426,63.77760752,1006,1179.16124
29-04-2010,Electronics,Truck,128181,59.32051956,30.97641386,1704,1618.41824
25-11-2022,Engine,SUV,48773,1.731714294,20.72760884,1089,977.4458377
15-03-2022,Suspension,SUV,99197,74.69578219,73.74559516,1573,1465.893671
12-11-2017,Suspension,Truck,115023,61.28603836,6.222078781,801,824.6235542
18-01-2021,Engine,Sedan,26456,22.56088154,11.83101626,600,596.228171
12-04-2022,Engine,Sedan,24608,86.94636693,50.94708878,544,502.276257
26-10-2015,Electronics,Truck,26509,22.10241081,95.00390323,1592,1317.190554
30-12-2016,Brakes,Truck,84133,31.06873388,84.75547465,1028,887.9924599
25-06-2022,Brakes,SUV,133604,77.07359711,89.64433653,529,630.8972688
14-06-2022,Transmission,Truck,88471,82.48561726,36.80945945,1747,1919.883929
16-03-2019,Electronics,Truck,98097,79.68535853,82.41625127,750,827.1928626
30-03-2021,Suspension,SUV,133939,41.87957043,80.53181915,520,607.9841771
26-02-2015,Brakes,Truck,47423,72.70452212,69.84981403,1915,2289.50027
08-10-2019,Brakes,SUV,62323,19.7942638,99.32353163,1463,1504.449919
26-09-2012,Brakes,Sedan,47884,4.405660826,91.11402008,1323,1069.578893
17-07-2020,Electronics,Hatchback,16402,99.44059179,82.97763967,1646,1665.902799
12-12-2019,Suspension,SUV,69344,74.78082004,5.266589989,1025,822.4016535
30-07-2012,Brakes,Sedan,136409,69.50010949,94.36652405,1265,1169.337437
12-01-2018,Suspension,SUV,47327,60.19942497,75.13869749,693,742.7530505
17-11-2013,Electronics,Truck,68176,24.11322414,67.02476293,1108,944.6080685
04-07-2017,Brakes,Hatchback,32299,23.30295791,99.8911818,725,664.0781104
14-02-2011,Electronics,SUV,15667,88.72350357,47.68683615,1996,2384.635777
21-07-2014,Engine,Sedan,114727,28.7041108,38.38700393,1666,1673.497975
12-05-2012,Electronics,Truck,109952,80.96641964,30.74324607,637,750.3544025
28-05-2012,Suspension,Truck,142576,88.01111079,50.5798512,1726,1562.437482
03-03-2013,Transmission,Hatchback,29596,4.033167926,97.28457117,1400,1474.527099
21-10-2013,Transmission,Truck,108406,61.58967947,66.94650664,813,671.9080807
24-06-2020,Suspension,Sedan,102836,37.92206173,7.49397141,797,824.1039337
07-06-2019,Engine,Sedan,30924,8.866504169,28.97282219,1245,1473.33998
24-09-2012,Electronics,Hatchback,89913,77.90629518,64.42289966,820,903.7853735
15-02-2013,Transmission,Truck,104405,23.0503263,67.60502324,1392,1550.845085
23-06-2017,Transmission,Truck,40755,61.35751971,21.97978408,635,706.4711164
18-10-2014,Electronics,Sedan,104725,27.72617151,34.53030113,1503,1583.180242
23-12-2019,Suspension,Truck,26647,51.26456621,38.43836547,1598,1477.653671
12-01-2011,Transmission,Truck,38553,90.92058518,91.97474153,1043,1080.075998
02-11-2020,Engine,SUV,22449,61.39613487,83.92494661,1246,1459.803667
22-06-2013,Brakes,Truck,85224,30.14969285,25.01365919,1225,1278.111535
17-11-2012,Brakes,SUV,57892,82.92637375,76.22271991,872,1001.445626
11-08-2013,Electronics,Truck,61257,89.74127571,30.81216109,1090,942.0813724
21-06-2010,Engine,Truck,101763,78.39771687,43.15540178,1780,1926.572199
30-12-2019,Transmission,Sedan,106104,63.72484139,44.91135712,1615,1301.901718
28-08-2014,Electronics,Truck,65477,73.87799431,73.26609133,1718,1583.045982
18-06-2016,Suspension,SUV,147000,1.038752466,14.12680155,1463,1432.348227
22-03-2014,Electronics,Sedan,63917,34.06211969,86.15930985,1507,1627.547175
29-09-2020,Transmission,Hatchback,128976,9.048606142,20.64500844,1264,1471.415455
29-03-2015,Suspension,SUV,90514,70.76365623,11.68012818,821,827.6300955
11-10-2021,Engine,Truck,83014,25.18475277,49.69577592,1389,1347.816571
01-01-2021,Suspension,Sedan,12676,36.76606326,55.92314624,982,1030.983559
18-07-2013,Brakes,Sedan,138939,19.75556833,26.15191444,1577,1762.552421
03-03-2013,Brakes,SUV,55395,74.56860195,16.54424346,1166,1147.485013
22-06-2020,Suspension,Hatchback,76406,81.35462545,61.10737013,1155,1041.030866
17-10-2012,Suspension,Truck,135413,73.08285091,23.89891672,1878,1684.90482
15-12-2016,Engine,Truck,108583,9.420513986,81.74637607,916,1036.794257
13-05-2011,Suspension,Hatchback,11212,92.45720903,37.57716547,1784,1676.009161
31-10-2011,Engine,SUV,93346,50.30437472,8.932093162,751,797.1681406
16-04-2020,Suspension,Hatchback,76625,10.33652873,45.3797347,829,780.7720313
27-01-2014,Electronics,Hatchback,29084,52.95346698,76.11410208,539,606.5992536
23-01-2022,Electronics,SUV,98476,93.33490435,32.44817225,1603,1717.872055
23-11-2015,Engine,Sedan,119016,78.01235355,56.70838135,1916,1606.118721
17-09-2018,Transmission,SUV,22551,85.23220646,13.15817252,1011,888.4854418
25-04-2019,Suspension,Hatchback,60903,58.54354796,57.80929942,606,583.3102277
22-08-2011,Engine,SUV,22046,57.32248002,76.98170806,1136,1032.51445
18-02-2014,Suspension,Sedan,91165,2.747454546,57.26449428,1140,1357.386622
26-10-2011,Brakes,SUV,50615,37.54335905,87.90106361,1262,1278.01905
16-06-2013,Brakes,SUV,49491,47.69450563,42.38015624,628,578.0256837
03-05-2021,Suspension,Hatchback,131610,47.41679944,93.21569142,658,757.8345067
11-11-2020,Suspension,SUV,55737,79.74996942,23.17100416,1695,1474.015311
24-12-2012,Engine,SUV,76178,7.87467648,27.59183725,1808,1472.983126
10-10-2015,Electronics,SUV,65575,1.723364289,64.85569069,966,926.8365166
01-03-2022,Electronics,Truck,107271,41.64075049,77.2263526,1836,1961.315002
02-04-2011,Suspension,Hatchback,48245,83.11631331,0.372918764,1826,1892.852818
09-04-2019,Engine,SUV,133942,17.53059047,46.79624809,1893,1712.04229
12-06-2020,Transmission,SUV,70366,85.54804565,68.67361998,1398,1551.932487
05-04-2010,Engine,Sedan,83515,57.3769579,82.69142127,1286,1278.908222
13-03-2011,Brakes,SUV,139778,60.13536893,15.68035481,674,764.6475322
10-07-2019,Brakes,Hatchback,85181,43.61586848,77.53100981,1095,976.2814785
05-09-2015,Brakes,Truck,130640,70.39166296,25.42768392,1204,1305.053015
29-08-2017,Transmission,SUV,69743,37.00027,1.840189176,826,928.4813579
18-04-2022,Engine,Hatchback,22806,90.7079796,15.26644502,998,885.6662124
10-04-2015,Brakes,Sedan,105131,21.28872716,61.31879395,516,522.6637405
08-07-2016,Suspension,Hatchback,67767,16.76872178,17.16039403,1765,1998.523674
20-04-2022,Transmission,Truck,99063,16.97432511,98.68778202,771,701.3224176
15-05-2014,Brakes,SUV,123461,33.36878342,83.96224012,1392,1432.815235
22-01-2022,Brakes,Truck,70336,10.07516345,62.31355281,589,702.8052199
15-04-2020,Engine,Truck,41250,6.093606976,29.32587929,1241,1328.941504
31-07-2012,Suspension,Hatchback,24922,57.91081165,84.04072619,1462,1484.409047
16-10-2020,Brakes,Sedan,102415,69.58724785,97.14030162,681,789.6927236
28-09-2012,Electronics,Hatchback,113162,76.99928794,72.83585008,1746,1531.960161
07-10-2018,Brakes,SUV,80514,68.10658955,18.14414864,615,707.8524311
16-05-2014,Engine,Sedan,24835,84.26960245,84.41199125,1669,1739.138437
22-10-2022,Electronics,Hatchback,108932,2.181744666,38.00851317,1280,1501.092282
14-01-2018,Brakes,Truck,18376,56.52149771,75.874552,537,512.667898
07-08-2011,Transmission,Sedan,108099,70.03405369,21.65967424,815,782.6882067
05-12-2015,Electronics,Sedan,49630,89.61618647,8.006198985,1123,902.2885436
20-04-2020,Engine,Hatchback,28428,50.64686213,7.284921078,1949,2282.8787
10-07-2014,Transmission,Hatchback,115640,93.94542507,63.91352172,1756,1829.255779
14-04-2017,Suspension,Hatchback,32937,76.51675721,96.70659694,1673,1775.408404
14-01-2019,Transmission,Hatchback,26571,56.02104853,94.49606118,593,693.3137091
06-02-2010,Transmission,SUV,37898,2.181736371,25.72619085,526,424.6116158
31-03-2011,Brakes,Sedan,131457,70.11464054,68.72542108,1470,1615.889757
28-05-2012,Transmission,Hatchback,130832,5.986350356,75.75107802,1552,1798.778913
29-12-2018,Electronics,Sedan,114793,10.99098503,11.28251472,737,743.1806124
31-08-2022,Electronics,Sedan,65664,86.49436818,49.82328495,1281,1050.740388
20-06-2021,Electronics,Hatchback,24697,23.72741951,93.49211773,1246,1120.371111
09-05-2019,Brakes,Truck,63162,13.38942284,93.70025827,1499,1361.174685
15-04-2012,Brakes,Hatchback,92621,25.05649752,10.02931276,1114,1246.003134
17-11-2022,Suspension,Truck,105492,28.2916576,45.14529902,893,803.9962218
06-01-2017,Brakes,Hatchback,132706,63.03389449,30.108056,1610,1391.047899
24-05-2021,Electronics,Sedan,148779,6.008341613,7.674394891,1481,1764.645792
19-08-2015,Brakes,Hatchback,61823,4.634968151,27.63320005,1051,936.2222762
12-10-2019,Brakes,Truck,116023,54.15010753,44.13593608,1991,1856.58559
04-07-2022,Electronics,Sedan,134099,77.78047696,85.9900785,536,518.4879216
19-07-2013,Engine,Hatchback,131465,6.479726465,86.69766847,1781,1581.123541
05-07-2012,Brakes,Hatchback,49128,38.03519903,21.81044873,1850,2085.303625
21-07-2013,Brakes,Hatchback,126096,60.59265583,14.60609249,835,706.3669734
27-04-2021,Brakes,SUV,47395,46.82786526,20.03184017,1742,1427.182881
10-10-2017,Brakes,Hatchback,67227,74.98110184,72.53847888,1894,1919.732914
23-07-2013,Electronics,Truck,49930,16.36247388,65.93389909,1332,1119.570602
30-09-2012,Suspension,Truck,112703,68.7799818,48.48077693,526,422.3262579
28-08-2016,Suspension,Sedan,73380,92.76446578,48.19603825,1683,1724.655618
11-11-2019,Brakes,Hatchback,149923,89.937034,99.74628857,1633,1534.613753
08-03-2011,Transmission,Sedan,44899,76.12474528,83.67189747,661,785.3961232
04-10-2018,Brakes,Truck,117654,82.38202843,13.09740315,1595,1837.254442
12-12-2016,Electronics,SUV,58419,81.89515204,37.88892474,622,699.4759897
24-03-2018,Brakes,SUV,51248,40.29311055,97.22476206,760,610.8664092
28-10-2011,Transmission,Hatchback,94100,61.60644652,72.93629235,1363,1527.521142
18-09-2020,Engine,Truck,142211,63.4695308,48.54770158,1093,1008.442879
14-10-2015,Engine,Hatchback,127621,20.95372669,90.75482645,851,684.9723458
02-10-2018,Electronics,Sedan,145426,9.053846122,82.33107872,1233,1385.424497
09-04-2016,Suspension,Sedan,48376,69.45952584,50.21766086,967,830.7526716
16-10-2015,Suspension,Truck,42613,37.37423891,71.05361715,1437,1166.188687
27-04-2012,Brakes,SUV,82869,66.1378503,13.0943722,1570,1431.02314
30-07-2018,Brakes,Sedan,103334,81.75370376,15.14850748,1892,2032.20373
13-03-2018,Electronics,Sedan,33955,46.48781895,50.73576975,1898,2265.789276
02-10-2017,Transmission,Hatchback,106497,4.976059222,45.88090202,670,626.9893731
05-08-2015,Engine,SUV,133566,82.10086895,87.45163678,548,595.1328444
02-05-2013,Brakes,SUV,60801,27.09652216,9.568420409,1768,2036.208553
02-06-2018,Electronics,Truck,143873,41.0096417,76.97986081,905,1061.830284
19-05-2016,Engine,Sedan,121032,55.87045735,71.10014539,927,901.7233298
11-10-2020,Transmission,Truck,91839,76.22011156,46.83631294,1913,1704.711747
25-01-2011,Suspension,Truck,19414,52.55441073,7.560386143,1302,1060.823046
28-09-2020,Brakes,Hatchback,120136,38.85820266,77.11899602,1531,1378.102983
16-08-2013,Suspension,Truck,50846,8.265155965,12.45559963,789,882.1869296
20-05-2010,Electronics,SUV,124829,37.805952,56.27609363,1284,1402.685058
13-04-2015,Electronics,SUV,83185,19.99985748,28.22536979,1283,1167.713257
28-09-2018,Transmission,SUV,95043,72.21424179,36.79920501,541,631.7470698
21-11-2012,Engine,Truck,23077,56.63279241,54.90953565,1808,1542.256212
07-09-2017,Transmission,Truck,109496,59.22408718,31.55558933,710,710.4271422
01-08-2020,Transmission,Hatchback,122237,22.35886541,57.03068886,1294,1473.454387
08-11-2010,Engine,SUV,141410,23.63832215,20.57310289,1564,1858.515949
08-02-2022,Suspension,SUV,105430,41.11855594,1.848978781,879,912.4521493
19-04-2019,Brakes,Hatchback,123199,25.70569653,7.573178275,1512,1779.917669
25-01-2021,Engine,Hatchback,23057,83.75489352,7.785660927,1461,1652.823633
04-06-2016,Brakes,Truck,112042,92.75893019,30.10717318,1718,1901.280104
11-03-2011,Transmission,Sedan,80857,61.0668657,13.76917982,705,619.9850809
01-05-2018,Suspension,Truck,28238,34.48838838,52.06682812,1478,1367.724999
25-12-2018,Electronics,Sedan,84319,31.61617041,5.164518923,1064,1022.15912
26-05-2015,Brakes,Sedan,76206,73.62864504,83.50048953,1159,1290.964203
29-10-2012,Electronics,Hatchback,111386,12.87180482,98.30353828,1043,1001.017401
07-03-2016,Electronics,Hatchback,60591,45.4143241,80.37146188,1677,1427.187396
12-06-2015,Electronics,Truck,82195,86.85612097,32.6600051,839,799.4061329
12-09-2013,Electronics,Sedan,59185,27.92657167,56.34922277,1894,1982.875369
30-06-2015,Engine,Hatchback,87871,39.72614388,83.57640088,920,823.5556619
03-08-2021,Electronics,SUV,22745,18.42287481,19.53482037,729,691.4906333
08-03-2015,Engine,Hatchback,39903,39.58990543,98.64148124,1522,1452.907945
25-09-2021,Transmission,Hatchback,123481,7.673984917,73.72291687,1655,1548.403934
14-01-2016,Electronics,Truck,107576,79.70806366,0.217022278,748,616.4655774
10-12-2011,Brakes,Truck,82328,66.73652075,55.88401067,899,1041.754293
29-06-2018,Electronics,Sedan,59848,78.69613728,38.68055216,1611,1706.828499
05-05-2011,Electronics,Hatchback,15015,77.17031436,16.21943774,1775,1750.626824
03-06-2013,Suspension,Sedan,142188,33.5945615,88.57800498,1521,1790.809804
20-06-2010,Electronics,Hatchback,72682,61.00842429,33.98736369,1047,942.217464
05-01-2016,Brakes,Sedan,94907,20.25781444,18.93615898,869,927.4118239
10-04-2022,Transmission,SUV,15459,44.37754203,85.36519334,1622,1384.840188
18-04-2018,Engine,Sedan,44273,91.98285803,97.64111417,684,660.5841463
15-01-2013,Suspension,Truck,58397,83.11095301,28.1612904,678,748.7178631
05-02-2017,Brakes,SUV,107546,61.30200272,63.20902214,806,903.6975828
29-12-2018,Engine,SUV,149812,52.28927557,3.567755463,1312,1572.029144
30-12-2013,Engine,Truck,93278,60.26832567,92.31748705,1043,951.640334
31-07-2017,Transmission,Truck,67476,91.66632042,19.33237352,1775,1956.092145
18-07-2012,Transmission,Truck,16640,75.40887091,5.159589325,1044,1167.947533
31-10-2019,Engine,SUV,48965,79.31029036,99.05740663,1494,1671.409585
15-06-2019,Electronics,Hatchback,49634,1.64010198,67.28423259,756,607.5061548
01-03-2015,Electronics,Hatchback,21418,44.25054358,30.91098907,1078,1256.645585
29-01-2021,Brakes,SUV,25536,58.51429873,81.15444905,1670,1661.432692
28-01-2011,Electronics,Hatchback,76267,93.41413003,47.26036691,1185,1315.506869
23-08-2019,Engine,Hatchback,125081,82.78762721,29.84518386,759,662.6038017
31-12-2017,Brakes,Sedan,84323,10.59750113,83.76397485,1286,1457.654865
07-11-2013,Brakes,Truck,46254,36.94166713,14.75253043,1630,1632.014108
03-04-2011,Transmission,Sedan,17893,40.52557059,46.23841241,660,668.7475824
21-01-2016,Electronics,SUV,26009,81.41894432,42.42233865,1297,1433.258607
21-08-2017,Transmission,Sedan,98760,97.47678638,44.93067825,961,1002.556146
31-08-2014,Electronics,SUV,120986,5.416515157,51.52478938,1252,1255.52852
24-08-2020,Suspension,Truck,34850,60.94206454,66.43362454,1074,946.8440263
07-06-2010,Electronics,Sedan,86716,25.92217294,87.18507499,1940,2063.67392
19-01-2017,Brakes,Sedan,102586,59.01578554,89.10888441,1481,1361.757528
06-04-2010,Engine,Hatchback,96663,5.381103706,10.03462709,804,893.6507231
06-01-2011,Suspension,Hatchback,56283,7.508258034,42.55803371,1264,1229.379818
21-01-2017,Transmission,SUV,32105,46.41432605,44.82267526,1873,1507.761906
29-10-2021,Suspension,Sedan,118165,39.64037047,72.85244156,1378,1198.976406
12-12-2022,Engine,Hatchback,149866,23.61971875,97.08612937,1906,1998.487074
16-01-2012,Engine,Truck,23991,31.68040437,20.69997265,889,975.9283148
29-04-2022,Suspension,SUV,132260,94.96185056,10.63437799,1110,1162.265028
07-08-2015,Electronics,SUV,81266,58.27997467,80.7999615,1359,1238.411825
24-02-2011,Engine,Hatchback,73173,83.5466799,69.985304,1621,1781.844259
31-07-2013,Brakes,SUV,141679,19.66505427,74.33842651,1948,1865.439443
05-10-2022,Electronics,SUV,138639,99.74297953,12.44217162,1412,1372.652794
04-04-2017,Brakes,SUV,35297,81.83265073,50.78213891,1622,1903.598114
12-04-2012,Transmission,Truck,115729,83.98591304,53.73961902,1256,1019.191502
10-04-2019,Transmission,Hatchback,67057,3.182421074,80.74063121,1379,1104.075623
16-11-2021,Engine,Sedan,46162,82.06730324,7.316839414,1680,1475.495605
06-02-2021,Suspension,Truck,88768,8.712823644,20.5832721,1500,1319.469505
27-04-2016,Electronics,Truck,84969,85.0208133,40.2968021,840,830.9289217
20-10-2014,Electronics,Truck,25109,31.30474482,74.90909113,1834,2048.287166
07-04-2021,Transmission,SUV,143637,9.21178734,46.73825425,1193,1317.090877
24-05-2012,Transmission,Hatchback,29569,78.40242513,55.13655806,1459,1320.481166
10-03-2018,Electronics,SUV,47435,44.56677877,21.28051651,1027,974.1502112
15-08-2010,Suspension,SUV,46749,28.42176418,47.17045642,1951,1939.520171
03-12-2013,Electronics,Sedan,103423,84.22296492,29.99757478,608,524.5462724
16-10-2022,Transmission,Sedan,118705,95.10880417,62.36639896,1627,1712.33096
24-09-2011,Suspension,Sedan,133633,2.870327254,38.91693014,779,626.8769225
17-03-2011,Suspension,Hatchback,31207,44.51106336,92.12101687,1332,1117.298502
04-06-2012,Engine,Sedan,25457,90.03100421,51.21927288,1449,1375.264218
03-04-2011,Brakes,Sedan,127972,89.19226853,61.49609956,1345,1602.33952
27-10-2014,Brakes,Truck,51799,42.11363288,97.82541613,1611,1450.557228
09-09-2021,Suspension,Sedan,29965,70.35074804,27.19039328,611,615.6812679
31-07-2012,Electronics,SUV,133861,51.16233522,89.17427698,1042,925.1389413
22-02-2011,Electronics,Sedan,53712,54.65054296,73.09891307,851,811.1772952
29-09-2015,Electronics,SUV,141407,24.4024189,52.01382548,1234,1032.940396
01-08-2011,Suspension,Sedan,19116,6.595368511,2.793823608,1624,1666.381286
03-05-2019,Engine,SUV,138718,10.53612447,31.60123313,1406,1489.579079
24-12-2018,Transmission,Hatchback,131392,71.09748182,79.87456695,1643,1731.857161
14-12-2020,Suspension,SUV,45674,54.48676834,35.39003538,950,1122.706692
05-09-2017,Brakes,Hatchback,100986,47.39501697,61.49386344,1963,1745.692108
20-02-2013,Electronics,SUV,21286,7.047938591,48.65795438,1196,1070.823244
17-03-2010,Brakes,Hatchback,138260,45.12051152,55.93690735,1340,1452.979177
02-10-2016,Brakes,Truck,60554,98.5011637,77.04703143,540,466.6445776
02-01-2022,Transmission,Hatchback,94008,53.97924689,91.04923169,1320,1359.862583
06-09-2017,Suspension,Truck,103923,87.10686696,2.698130636,1647,1706.545547
18-02-2010,Suspension,Truck,54428,62.51854348,30.14524755,530,514.8460147
23-01-2016,Suspension,Hatchback,88567,24.02233805,67.83601098,1792,1902.009594
13-12-2017,Brakes,Sedan,92837,74.69428181,54.45321838,827,784.2055444
05-06-2016,Engine,Sedan,60354,23.30471539,3.397745042,1343,1589.574643
10-04-2022,Transmission,Truck,41507,80.24993718,37.60881391,667,559.8160606
07-10-2020,Suspension,Sedan,143060,55.29620415,83.96579235,844,856.0816016
08-09-2017,Suspension,Hatchback,62659,31.32870861,60.3155616,1523,1785.492329
25-08-2017,Engine,Truck,128354,2.054865408,75.54215755,998,1074.174724
13-09-2019,Electronics,SUV,69333,84.08757653,96.4482097,1864,1663.801722
18-10-2010,Electronics,Truck,33808,29.14238758,13.36542208,1124,1126.708326
06-09-2021,Electronics,Hatchback,51965,74.42056711,29.62221565,884,719.5417943
05-12-2013,Brakes,Hatchback,72522,67.85053465,56.35390912,1242,1404.415575
10-09-2018,Brakes,SUV,104600,82.62274403,95.75258174,1979,2192.481822
27-05-2013,Electronics,Truck,136042,27.15385241,51.08855422,507,417.0565868
04-05-2014,Brakes,SUV,13958,47.71164143,12.65967061,1811,1674.710294
24-11-2022,Engine,Hatchback,135255,59.27716664,55.89322852,1146,1215.843982
25-03-2013,Brakes,SUV,91067,70.81777077,7.6354554,923,993.5474889
08-12-2020,Suspension,SUV,116637,93.2845158,18.18614555,1063,905.7709778
09-11-2011,Electronics,Hatchback,120246,24.24499952,60.16895117,676,775.5035781
31-03-2011,Transmission,Truck,39110,40.5848957,30.59032232,1147,1358.376708
31-08-2017,Electronics,SUV,14294,67.46731158,58.45179659,1763,1590.236517
03-05-2011,Electronics,SUV,38636,62.90788733,2.670457327,970,1003.72222
29-11-2019,Electronics,Truck,16686,80.78814503,51.35048722,1432,1255.711984
10-09-2015,Electronics,Truck,11762,10.80755782,61.9580888,801,834.5096553
27-02-2011,Transmission,Truck,52488,84.34277035,41.50913101,1003,843.1688343
30-04-2022,Suspension,Truck,48783,69.5221461,62.74280658,1325,1116.508616
19-09-2020,Suspension,Truck,70165,84.71450483,19.97122469,1086,1256.425065
26-06-2015,Engine,Hatchback,148103,27.12532999,23.89579669,928,981.7142095
04-05-2018,Brakes,Truck,62195,38.41558738,8.086857753,1424,1530.518137
20-01-2014,Transmission,Sedan,125679,0.644592908,83.15688287,1590,1491.796023
16-05-2020,Engine,Truck,140759,20.46372117,20.51483287,1244,1395.455772
04-05-2022,Transmission,Sedan,102748,9.35873937,7.978209605,651,558.2233269
11-03-2021,Transmission,SUV,19195,62.89275185,45.76734543,1312,1457.45249
16-09-2011,Electronics,SUV,141270,36.95892545,98.44585518,1992,2295.140692
07-03-2016,Suspension,Hatchback,64329,2.283847623,8.244922015,1332,1094.501102
22-12-2022,Transmission,Truck,96347,24.31565039,92.32310837,1692,1381.397238
23-03-2012,Brakes,SUV,24854,27.45863284,40.93959252,1581,1591.134437
02-01-2022,Engine,Sedan,27602,44.63761625,14.2003753,1330,1341.789619
11-03-2019,Suspension,Truck,18886,37.93263545,80.17835986,1348,1530.509045
07-11-2019,Brakes,Truck,24546,8.463278321,20.04037692,1939,2315.442377
07-10-2014,Brakes,Truck,14565,35.78897171,38.65348331,863,897.2375608
31-03-2020,Transmission,SUV,123839,11.13129804,77.37801985,1232,1303.761438
08-01-2011,Brakes,Hatchback,117763,79.74214976,88.23288637,1231,1376.692915
09-08-2022,Engine,Truck,136179,34.27160665,26.78826304,1137,1066.461391
29-08-2014,Electronics,Truck,110889,24.65310461,18.28979078,1145,1225.848788
01-02-2018,Brakes,SUV,59528,65.75943278,98.02267341,1604,1514.417642
11-05-2012,Suspension,Sedan,63301,6.67874049,51.37496143,1516,1333.642591
12-10-2013,Transmission,Hatchback,45063,26.78236798,57.1393902,1793,1899.151371
23-11-2012,Transmission,Hatchback,75758,8.669134835,8.713356662,1651,1479.835129
26-05-2016,Engine,SUV,127421,89.76888675,39.62978536,1396,1300.512391
24-10-2015,Transmission,SUV,54279,24.07814935,73.75907041,1192,1329.927108
18-12-2010,Electronics,Hatchback,71448,26.63850169,97.01723767,1388,1184.410427
26-06-2017,Brakes,SUV,140161,48.09247695,55.94806543,1315,1542.341012
20-03-2014,Suspension,SUV,42963,87.38590047,50.49213746,515,483.4997667
19-05-2012,Suspension,Hatchback,88080,22.10228001,23.28510286,1675,1394.530097
22-09-2016,Suspension,SUV,107227,65.87926049,23.21664065,597,580.8317216
08-09-2019,Electronics,Sedan,76823,54.46783516,42.48011031,1608,1905.935771
06-11-2022,Engine,Sedan,122881,25.63239027,54.19986454,1372,1324.576932
11-06-2019,Brakes,Sedan,129095,40.30235325,29.11842762,713,718.7286406
23-12-2017,Transmission,Sedan,89643,94.57751675,24.10826359,1953,2019.890255
01-05-2013,Suspension,Truck,44493,53.54119897,54.28739168,652,613.847814
30-03-2013,Suspension,Hatchback,78912,13.16871884,84.65610422,619,586.1351868
23-04-2010,Engine,Hatchback,50725,99.97934377,90.27935851,688,799.8597441
26-01-2015,Electronics,SUV,145900,43.75760982,44.91616582,1593,1588.741387
24-03-2019,Suspension,Sedan,76179,71.82884791,99.26260526,1341,1243.091109
03-10-2018,Brakes,Hatchback,19824,5.840344173,53.45594116,1923,1659.675768
27-07-2021,Engine,SUV,92900,71.12624906,74.35453979,1977,1595.931324
21-05-2019,Transmission,SUV,132808,51.47721361,48.70049007,1748,1958.363958
28-10-2012,Brakes,Hatchback,78484,74.57383174,63.0520266,623,687.8930962
21-10-2013,Engine,Sedan,85518,41.30860783,55.23923054,1291,1214.283886
09-02-2012,Transmission,Sedan,23930,41.25494564,26.87066103,829,874.3453646
04-06-2020,Brakes,Truck,53932,43.65757129,15.97607449,1241,1153.900361
27-04-2010,Electronics,Hatchback,29642,45.47253231,90.26054892,699,637.9011365
07-06-2010,Brakes,Hatchback,28226,15.08703653,92.85971725,988,1012.153637
22-08-2014,Transmission,Sedan,106113,30.58163696,98.17889911,1269,1068.189702
08-10-2012,Transmission,Hatchback,124525,90.23788954,99.65168155,559,598.708911
18-02-2013,Suspension,Hatchback,110433,96.32933238,93.61055339,1463,1628.552093
06-12-2016,Brakes,SUV,103469,61.42716467,2.246457664,685,582.2875952
25-03-2013,Transmission,Hatchback,95202,26.54866171,60.87018863,1994,2256.723698
23-06-2018,Suspension,Sedan,64755,73.05946261,24.94459952,1318,1146.637784
13-04-2013,Electronics,SUV,79532,52.57519134,68.39965809,1535,1330.934381
18-10-2017,Transmission,SUV,98808,55.85752577,22.59098489,1922,1961.524241
08-01-2010,Suspension,Hatchback,57594,98.47395057,52.43877505,1395,1553.91527
21-03-2016,Electronics,Hatchback,147197,3.087282503,36.91140366,1356,1503.045992
08-03-2018,Brakes,Truck,138292,79.34412618,58.11371884,752,671.3872212
22-05-2021,Suspension,Truck,142565,74.76926129,50.55160949,1042,1014.988386
13-02-2017,Engine,Truck,20559,20.26428441,73.89904137,625,560.9413355
01-08-2011,Transmission,Hatchback,142793,81.92127633,26.36969302,1456,1724.972577
16-09-2022,Transmission,Truck,97567,57.83908327,22.36391524,1815,1555.808585
24-01-2022,Engine,SUV,124830,10.37631319,57.64657221,962,959.1748455
26-07-2021,Suspension,Truck,126377,75.45418347,48.53417846,945,905.5752389
23-08-2016,Suspension,Truck,49183,26.30599076,7.308121183,781,894.4189867
21-04-2010,Brakes,Truck,106700,61.24226883,23.9213162,1315,1383.977631
08-09-2021,Brakes,Hatchback,136465,33.4326541,16.26191271,1097,1164.097999
28-10-2016,Brakes,Truck,113476,46.18491728,19.45963266,1834,1639.400368
07-03-2020,Transmission,Hatchback,58275,77.10682722,30.88715897,1615,1521.670506
13-05-2015,Transmission,SUV,94972,85.6587901,47.00372652,1568,1442.828167
02-04-2018,Brakes,Truck,52852,21.01176453,22.96541507,1614,1560.168778
01-07-2019,Brakes,SUV,101903,64.42499714,87.64732419,1076,1281.584562
18-03-2012,Brakes,Truck,118745,72.75839246,17.51375411,1271,1220.684832
04-06-2014,Suspension,Sedan,94511,98.71352931,53.95825897,850,862.3344648
10-10-2016,Brakes,SUV,66737,41.75641022,34.66016053,1415,1527.07605
28-10-2016,Engine,SUV,138205,11.83324404,93.45538217,1898,1715.70084
05-06-2015,Brakes,SUV,35112,98.77645421,5.271799653,1577,1596.24137
14-04-2020,Electronics,SUV,52975,61.30034135,12.09866024,1896,2228.513153
11-04-2015,Suspension,Sedan,17540,81.95770957,10.61409762,628,733.8543196
21-04-2019,Transmission,Sedan,119143,73.376473,46.06946386,1014,927.5467841
21-09-2015,Suspension,Truck,145142,7.582096887,89.0796089,1263,1486.9475
05-11-2017,Transmission,SUV,60432,58.07896562,73.18054974,542,621.6221651
07-07-2022,Suspension,Hatchback,18603,32.52918947,76.66693042,1273,1253.184382
29-02-2012,Transmission,Sedan,26134,2.316502143,82.71772757,559,573.9840203
04-06-2016,Transmission,SUV,65204,43.09822087,83.69821983,1656,1749.35278
27-10-2015,Suspension,SUV,145103,97.75927541,39.29904655,660,726.9486877
06-04-2010,Electronics,Sedan,77701,55.19443639,83.94706266,1929,2086.000685
10-10-2010,Engine,Hatchback,33059,87.12293614,93.34864976,1813,2130.948579
02-04-2012,Suspension,Truck,46059,43.96588718,49.90774481,521,520.5999179
26-11-2014,Electronics,Hatchback,92008,75.01309082,71.21022887,1628,1845.799843
03-12-2015,Engine,Sedan,23207,35.26807849,11.04394017,1614,1379.347328
12-07-2013,Suspension,Sedan,87584,15.40287692,78.37882982,602,635.0024585
27-09-2010,Engine,SUV,137977,23.37021887,86.46815037,752,793.5113018
31-10-2016,Engine,Sedan,26172,1.865039935,90.40941699,1203,1254.915611
15-11-2019,Brakes,Sedan,91934,46.93848279,16.65573376,1076,907.2358625
03-09-2020,Suspension,Truck,72952,7.784088626,32.42991486,896,954.5305801
16-10-2012,Suspension,Truck,36173,52.49008551,52.34087929,1440,1505.306007
15-07-2019,Transmission,SUV,99933,54.48353927,36.41606309,1546,1420.09416
02-04-2015,Electronics,Sedan,59103,76.99167518,76.64329428,704,728.34054
03-07-2022,Transmission,Truck,34289,2.90014411,37.56040729,919,841.5319329
14-01-2015,Electronics,SUV,128113,87.56125161,67.32805779,1369,1529.07643
12-05-2014,Engine,SUV,101692,33.64157496,19.6308501,1180,1327.688491
05-07-2013,Engine,Sedan,107677,2.416150348,11.12765602,858,1022.453203
26-02-2019,Brakes,Truck,14545,35.08382862,95.24024505,1380,1333.408744
27-06-2011,Engine,SUV,134101,16.25377186,54.13918677,1550,1461.316993
21-11-2010,Engine,SUV,73746,85.68592421,59.61032679,1559,1267.399752
15-08-2015,Electronics,Sedan,14980,4.228083711,80.85657169,559,654.2084389
03-10-2013,Suspension,Sedan,67253,20.0295526,27.51435807,510,559.2918706
23-12-2020,Engine,Hatchback,48755,85.4820794,64.23193909,1221,1206.69157
08-08-2019,Electronics,Truck,112676,62.17123379,54.52977346,1793,1820.219454
02-08-2014,Transmission,SUV,95821,34.46470457,8.174310288,1946,1575.897172
26-06-2019,Electronics,Sedan,137278,95.29199224,64.79929969,529,540.8052745
07-04-2019,Brakes,Hatchback,147151,89.63756978,30.90233791,764,688.2609679
11-10-2011,Transmission,Sedan,117221,38.19465542,24.3387819,1571,1457.229245
02-07-2021,Transmission,SUV,113097,39.91724206,89.11475514,1045,894.2070826
23-06-2021,Electronics,Hatchback,50572,5.300974285,82.5325806,1835,1972.295754
10-06-2012,Electronics,Hatchback,98271,96.52488559,88.58877511,795,650.4955327
02-07-2014,Suspension,Hatchback,86492,12.13980489,52.53626428,539,642.5073972
19-09-2012,Engine,SUV,80467,38.03537496,88.77489377,954,897.4722737
19-01-2016,Electronics,SUV,116225,76.27382951,18.97227009,1317,1332.52189
30-08-2010,Engine,Hatchback,39179,25.8651972,9.745890128,864,1015.756848
16-02-2018,Brakes,SUV,22239,57.78438522,9.326385889,638,745.4712193
06-03-2010,Electronics,SUV,45458,38.70159024,47.69521372,1131,908.1649085
28-01-2018,Electronics,Hatchback,121968,39.38594488,11.06353308,728,837.6060495
09-10-2017,Engine,SUV,109029,42.81934612,90.76449596,846,878.4188052
03-04-2020,Engine,SUV,32288,87.9589993,14.13979927,613,558.8540831
25-01-2019,Engine,Sedan,58595,42.84373376,66.11206718,1198,1299.401477
23-05-2012,Brakes,Hatchback,149681,1.042364214,41.23019563,1817,1950.533389
22-06-2017,Engine,SUV,84316,59.15452518,73.48254575,1174,993.2323365
29-10-2017,Electronics,Truck,43715,52.26233255,23.86488413,1091,1156.121883
20-06-2016,Electronics,Hatchback,54189,8.047610579,53.84744636,1869,2053.482328
24-02-2022,Suspension,Sedan,81538,54.57431318,3.524108901,610,493.3540033
23-04-2016,Brakes,Sedan,143480,39.16160081,99.10345516,1295,1358.688575
21-08-2010,Transmission,SUV,64525,33.23124229,53.0613837,761,765.5977544
02-02-2020,Transmission,Sedan,26630,26.04535927,58.70853737,665,591.7403403
30-03-2019,Brakes,Hatchback,126519,27.92190714,56.79048996,1790,2090.961384
23-07-2013,Electronics,Hatchback,15039,19.49674607,95.83847642,1439,1246.056207
13-06-2015,Suspension,Hatchback,67148,47.30873003,98.63891482,1131,1210.775532
26-09-2022,Engine,Truck,102812,96.38539649,31.48874937,1348,1154.209663
02-04-2019,Engine,SUV,19246,32.20618584,75.63896473,1335,1316.132987
11-01-2017,Engine,SUV,149287,28.02216137,80.99461004,1738,2051.589417
03-03-2021,Suspension,Truck,59701,25.48926657,69.29711322,1431,1678.208929
18-12-2017,Engine,Truck,22218,94.16382592,40.77890446,1170,1313.655922
30-09-2018,Brakes,Truck,113753,3.588908483,26.21864884,1238,1066.85542
28-03-2018,Brakes,Sedan,145002,24.23784138,76.05445602,710,812.127018
21-08-2020,Electronics,Truck,35179,94.71438326,26.86409521,568,670.5252583
21-10-2021,Electronics,Sedan,13299,67.53200183,59.64119748,1856,1740.047967
01-09-2010,Suspension,Sedan,114214,79.91469839,58.54669226,1931,2215.80753
31-08-2010,Engine,Sedan,51638,81.64916072,1.827078683,1434,1163.763914
25-01-2017,Electronics,SUV,142897,63.00118282,47.43367216,798,873.6591128
01-10-2011,Brakes,Hatchback,90877,85.52427255,88.1301917,598,651.2880795
08-04-2012,Electronics,Hatchback,15139,8.174062591,23.3790748,1112,933.6253852
08-03-2020,Electronics,Hatchback,24043,36.91319974,52.95764974,1438,1603.794467
17-07-2013,Brakes,Sedan,59597,3.471162979,68.46296121,1833,1664.78227
08-02-2017,Suspension,SUV,144618,29.11661426,2.092659882,618,550.3583998
06-02-2018,Engine,Truck,100587,91.94741998,91.47607249,856,1022.777301
02-03-2013,Transmission,Sedan,89624,44.38393961,53.67995705,809,849.3081497
03-03-2011,Transmission,SUV,114352,0.804366482,38.6602628,704,680.0163387
