Age (years),Employment Years,Income ($),Debt ($),Credit Score,Loan Amount ($),Interest Rate (%),Default
48,23,66130,27275,784,8923,13.71940226,1
41,39,41406,41372,676,18273,18.12282642,0
34,5,69492,31750,612,18032,4.052184227,0
54,7,69348,42534,742,14783,4.122104586,0
47,11,67726,907,474,42076,8.157701174,1
42,25,93018,15895,839,10896,18.35166712,0
18,17,20719,12465,675,11154,15.36712972,0
54,18,137569,10889,807,7177,9.989082765,0
33,1,53640,8314,702,31199,7.710225297,0
34,4,35454,46973,659,42972,15.10912975,0
48,4,60143,11802,327,41715,19.25167598,1
31,18,34510,32905,712,12227,12.6247641,1
24,3,134354,35066,311,35999,1.874225331,0
44,37,125747,49856,683,24528,6.546489728,1
57,19,50652,32834,818,7964,12.7400661,0
28,18,55712,42504,425,1226,17.83201254,0
26,10,113792,7943,537,15241,16.57210144,0
63,5,61132,46298,579,20116,12.16851635,0
41,23,111162,1058,696,37778,10.74889345,1
42,1,46378,6899,546,34369,12.72709729,0
36,11,30164,34771,744,49421,10.14054102,0
35,31,33477,8456,434,24839,10.63431359,0
41,9,133066,19835,840,40248,7.308711938,0
51,7,100790,35755,834,28460,14.46743068,0
24,9,62902,779,682,36992,13.64351761,0
40,32,149828,5801,803,40910,3.356053082,1
22,5,91928,46475,681,41884,8.27761313,0
36,17,79759,36511,468,20617,5.259207367,0
39,29,118704,43919,839,38105,1.158339572,0
47,37,92380,21991,689,20042,13.30240349,0
45,24,92460,24411,811,24765,12.90538574,0
22,37,27432,6842,409,44910,15.72280201,0
61,14,89198,45580,300,6773,3.142801154,0
56,19,90012,34870,845,24071,9.694705948,0
46,26,94195,41478,747,27833,11.20901217,0
61,8,128161,10038,779,12649,16.4169787,1
61,18,31454,9418,549,38198,10.23867653,0
39,16,52559,16987,703,12864,19.9849413,0
64,16,146214,45709,538,38391,13.80986833,0
55,12,78840,32228,498,16818,11.82949311,0
68,19,65961,29472,597,10948,7.686566763,0
28,8,45730,41076,651,29939,9.746108508,0
26,18,149532,33008,326,6264,19.22108555,0
57,38,128556,13509,429,3165,19.44033608,0
68,32,30406,1792,449,39085,17.47823971,0
25,37,130737,5608,671,19135,17.82237921,0
43,26,65954,49770,555,45221,18.15534191,0
33,8,139871,7406,490,16260,11.3993529,0
60,19,110684,47552,638,33346,1.378277354,0
58,27,104085,5931,429,46750,9.985490625,0
44,21,91319,23391,803,25072,8.601597913,0
61,23,88526,19525,607,18916,15.40399067,0
35,28,93308,35045,313,29316,10.58575595,0
48,23,121576,35958,739,28674,14.78914483,0
47,31,130618,6926,504,24728,16.01878575,0
45,14,25535,28004,839,18313,9.598530208,0
55,35,61238,19875,397,37808,13.88146742,0
65,16,73933,29786,585,40354,17.06144877,0
36,21,125611,4223,422,14683,2.730965599,0
31,4,117364,2610,774,16847,2.110227259,0
37,33,125606,44804,568,15193,9.77131062,0
54,18,84851,4483,571,35749,7.01346346,0
63,25,129798,27527,436,22151,8.855416347,0
45,4,24788,1724,843,7746,3.916141633,0
20,13,86368,11781,393,6953,4.439224526,0
67,13,74518,2420,807,19809,7.421381475,1
31,37,125147,33808,780,34339,18.34233967,0
19,28,45783,10310,818,13804,18.60015268,1
60,18,31705,44153,652,29707,18.87497147,0
64,17,63160,39597,803,47981,14.38795065,0
26,36,88082,34899,465,24136,15.165832,0
60,6,46643,36833,603,43621,18.74926068,0
67,15,139232,16315,595,4458,13.468205,1
65,14,37679,44414,493,26738,6.697467429,0
24,10,80505,18051,431,5844,8.460194436,1
28,4,103384,9163,410,49893,12.06484653,1
21,15,64665,26469,571,40941,3.334953965,0
63,8,54060,11457,518,33571,19.05995785,0
36,18,31551,15429,823,41474,9.577640892,0
46,32,50020,43121,407,6226,4.328511231,0
53,7,114255,728,397,41085,4.619864732,0
36,9,36198,41790,821,11540,8.923043201,0
38,10,114952,44907,351,5710,6.248954506,0
29,27,81960,41967,454,39745,4.763050626,0
26,35,123694,2617,785,12827,7.926679043,0
57,23,39961,14388,384,27053,6.61936752,1
55,33,41883,26746,673,48010,4.632100701,0
28,22,65955,37144,572,26335,11.25783235,0
38,12,31124,25832,370,40439,7.526670666,1
47,34,44547,6202,764,30396,14.01113752,0
34,23,29879,2047,650,33178,5.090388177,0
55,17,30080,1961,571,30910,17.57628256,0
45,38,72536,48156,708,24636,16.40327079,1
44,19,141934,38083,449,38092,10.73084278,0
54,26,125707,5927,829,20924,1.113088257,0
27,30,39983,39000,568,38402,10.41602295,1
20,16,139185,650,693,20935,15.04286688,1
43,19,87057,19473,844,16789,19.58981298,0
31,4,108693,36712,440,30944,17.89026489,0
39,20,48655,42222,624,39277,12.48344447,0
37,25,24411,2486,502,46672,13.59486084,1
40,29,70391,29579,603,15424,1.406830327,0
61,34,110496,18825,745,22581,17.3290362,0
27,30,122184,48067,408,20668,4.437291571,0
42,36,74081,15360,802,30983,15.21498123,0
18,4,107391,43502,384,49177,10.03127806,1
58,2,22951,44703,303,47960,13.31996516,1
28,9,137031,26756,460,12119,2.338273958,0
41,1,27876,3456,370,14280,7.775166984,1
57,39,49164,48823,627,14618,14.22900113,0
25,28,132954,35138,812,42367,15.80782413,0
43,38,81507,18733,549,27816,8.874232065,0
55,28,117849,29282,426,21136,17.90890777,0
34,22,47390,33882,755,4610,11.46801079,0
56,9,145285,38690,819,10948,17.22893619,1
21,19,73699,8110,785,16459,11.63764139,0
40,9,25608,45441,701,42213,6.372746913,0
55,20,81773,48153,689,4911,4.584417459,0
41,21,136587,5978,404,7379,9.046594916,0
48,23,133459,19718,335,8394,5.037146751,1
37,22,42768,12011,593,25905,9.784013176,0
35,35,88852,45414,660,32235,3.697709236,1
55,9,80748,47626,615,42112,3.457559919,1
65,18,118318,11538,772,49450,16.01716496,0
42,31,58692,9327,687,15010,15.02797078,0
39,1,134567,12577,391,21852,19.97564118,0
22,7,105713,5470,553,38992,11.97938003,0
30,8,146169,13750,521,22828,19.76435624,1
38,28,129106,14770,758,41759,17.45240925,0
24,38,137244,9590,403,35969,4.565482832,0
65,24,31687,42584,610,2732,4.128607828,0
38,39,54415,27880,678,43021,13.16867353,1
65,13,145031,22753,729,49571,15.81055609,0
51,25,78767,49882,573,39419,11.70236132,0
55,13,148040,36472,429,1916,1.282834411,0
25,6,57485,27144,372,29968,14.12704029,0
40,13,118613,12996,436,7542,10.42737924,0
51,23,112525,5980,571,49866,15.56327045,0
33,22,52746,48246,625,42150,9.015560934,0
59,22,98008,9052,375,22993,9.838857071,0
59,20,39700,24671,443,14229,11.66104358,1
34,1,137857,17404,506,7535,16.73017936,0
60,23,102341,46883,617,30980,13.98377163,0
25,25,37057,17673,573,38475,11.39812906,0
45,25,47301,43363,745,33310,13.82833653,0
53,28,82637,40526,432,1128,15.31610482,0
60,31,92067,17563,462,25910,14.32576761,1
21,10,41777,31954,661,47630,6.505091119,1
40,35,32384,10885,593,22797,15.79012404,0
57,36,96503,2244,506,21060,8.274214682,0
30,35,36225,18167,764,41261,14.03520468,0
46,30,45231,37286,382,16635,19.40435559,0
29,12,33142,8727,568,24063,5.639485883,0
29,15,87050,37532,341,47732,1.08195111,0
39,14,137039,41106,580,36285,9.013043106,0
32,30,91522,4309,598,35486,3.876516807,0
37,32,148845,12862,704,36646,5.46307064,0
64,32,76758,6551,774,14263,5.933107714,0
20,29,73528,2061,409,31423,7.582396229,0
50,0,149492,1739,782,34907,4.224435385,0
60,13,80077,46,696,42918,2.732905069,1
26,17,47134,33283,448,10354,9.978228037,0
57,39,45954,30945,351,27650,14.94435731,1
27,8,114169,11440,650,19256,13.03040601,1
64,17,80304,46600,507,14389,18.77176737,1
26,39,31642,25193,723,38747,13.94870468,1
65,37,90474,3623,682,12131,13.646341,1
26,27,61772,19531,753,12452,18.05945382,0
67,3,27626,19497,335,43674,10.36990063,0
53,11,128881,16512,609,2991,11.43684049,0
62,35,71723,44469,681,48771,8.091636603,0
36,3,117534,39407,715,7848,19.95585418,0
59,9,133414,29275,392,43906,11.87426008,0
56,22,87641,7596,816,49223,15.27096428,1
66,11,143389,25416,495,2570,15.42361777,1
45,1,49055,18624,374,46633,18.85624466,0
31,14,87197,34237,509,33394,1.256514639,0
46,28,39075,21361,436,1519,17.81772352,1
25,33,113218,12246,465,28910,14.83818821,0
46,16,69243,28545,329,3241,5.646208355,0
63,1,68172,17203,806,33571,14.61438824,1
35,23,82436,22680,816,33454,12.49866738,0
64,24,58192,13308,548,16414,3.137099171,0
55,9,29985,13321,350,42185,19.96505256,1
49,14,113702,20069,382,6802,10.95828289,1
33,39,127649,36045,307,40059,13.19289733,0
64,30,108578,29137,726,45164,5.324020527,1
58,4,97902,11495,588,43806,6.351900291,0
29,12,31825,5886,792,30786,1.623848675,0
53,7,67757,22371,819,4153,13.31163803,0
47,5,121533,31774,550,40868,1.12350306,0
33,20,133972,33557,842,36934,12.56377316,0
27,2,128586,27942,657,5761,2.260060037,0
63,13,105292,1005,308,14817,18.78712402,0
58,14,21415,5784,842,22212,14.69596693,1
63,11,45121,1816,509,18347,9.943021531,0
58,33,99969,2317,500,17409,15.96963748,0
37,18,21732,27994,488,23893,1.894441996,0
19,27,35126,22851,513,21638,10.17215086,1
65,13,142862,9693,616,31786,15.22160091,0
42,23,41494,36050,309,3962,4.120194112,0
63,22,47698,39586,637,2406,8.842746347,0
60,18,115404,44381,715,39698,16.26286097,1
31,39,136702,110,636,44894,17.58522715,1
37,16,50141,32620,580,19247,10.38832284,1
56,9,108541,464,359,4327,9.318179658,0
43,12,57138,37003,822,17043,15.96898459,0
25,28,94653,47154,555,46440,6.352408212,0
35,13,60539,4859,779,21321,3.730793939,0
44,18,21672,14788,496,7480,7.021389871,1
29,15,36543,44235,671,14260,5.288064403,0
26,39,84918,13499,803,37132,3.734540728,0
25,19,46165,40735,308,9011,19.03157671,1
46,8,90326,48778,832,33559,8.979227646,0
65,30,78523,9400,387,19870,6.598626893,0
21,14,129652,34650,662,30911,4.444132987,0
18,21,119147,33475,428,3065,13.48931327,0
63,10,58789,49837,658,7447,16.98925145,1
41,31,79620,12213,302,12026,10.96058019,0
67,31,23993,48059,779,22066,11.65765023,1
25,1,107290,31685,387,20358,7.704536748,0
23,0,113512,31205,787,19049,12.36502194,0
53,16,139710,16105,512,9956,12.90602994,0
45,35,71901,28208,443,36801,14.13197231,0
59,4,110040,2925,483,8143,9.915227911,0
69,0,97244,40604,613,23565,2.202156688,1
47,21,48790,42342,633,2975,10.58701987,0
63,6,118756,31324,463,3335,4.186463235,0
26,3,132591,7944,708,16197,9.131559718,0
53,8,54787,37070,559,46813,13.83243334,0
30,2,97223,28262,605,3296,6.364770871,1
59,34,84430,21283,734,23529,17.88836834,0
68,31,124296,25263,526,34499,10.01661326,0
24,32,58827,1136,396,32153,19.24636901,0
28,32,23557,20941,730,46211,14.65159775,1
38,34,52548,19422,790,45780,2.023921776,0
22,3,68787,34611,466,48894,6.206096771,0
38,6,139695,1330,417,47861,5.54147591,1
20,11,55265,40305,376,33157,8.602219897,1
39,4,106641,35875,414,35431,13.05654351,0
68,36,53215,1556,389,30912,12.23562636,0
35,7,146227,46433,769,12637,3.86167033,0
22,6,134558,33702,703,40872,13.57380022,0
67,3,35292,15724,371,17602,15.69709499,0
31,33,127387,25092,415,1788,17.767452,0
55,14,33063,47818,674,49538,16.11163223,0
64,8,93822,31482,735,35647,5.267161236,0
27,13,36404,24447,460,12150,7.278160957,0
20,22,116543,37719,410,7808,6.485944417,0
18,27,138116,34756,317,28482,9.686219128,0
62,35,52105,33819,315,11270,14.00937062,0
63,39,101487,33900,669,20709,7.288927559,1
59,5,28267,35014,613,8119,5.218733793,0
38,9,139233,2065,817,27563,8.293593081,0
20,25,50405,11306,389,1981,14.12500823,0
36,4,134858,26343,678,13459,5.168351059,0
52,12,50734,28817,461,41651,9.060899543,0
66,9,123490,5064,514,12853,13.90943636,0
29,4,104918,3783,575,32383,11.36874727,0
18,11,102187,29694,328,24981,2.472202952,0
46,7,24537,38383,336,6999,7.149787932,1
38,20,125723,48065,601,37603,9.482434636,0
48,2,61402,7100,802,3769,4.055681813,0
69,18,107859,15596,542,8836,14.73454054,0
68,2,90338,45953,362,18282,3.621736239,0
59,9,42260,33787,397,24691,15.10459251,0
44,7,142365,41223,603,10674,1.475873067,0
26,15,70021,17018,421,13057,14.3871244,0
31,20,79554,34755,839,42834,11.87373304,0
40,38,30894,11221,481,34963,19.76957701,0
58,34,46212,30619,396,5444,9.064015652,0
66,20,93120,35463,770,39731,1.425762401,0
51,6,58076,31186,346,7950,1.496467344,0
33,35,145677,7255,383,15493,9.898568676,0
43,23,56166,38969,406,43546,3.916856587,1
62,31,70928,14636,478,36461,19.79810551,0
62,8,62976,48725,563,44200,11.86896228,0
43,22,23688,40128,344,42529,8.480818628,0
21,39,144168,22148,384,30709,2.596382908,0
37,24,97519,3477,528,22506,6.5897202,0
34,7,53643,26295,310,39646,7.202984666,0
43,34,43018,19743,701,22418,7.693171434,0
62,31,138693,47555,312,39393,19.84195505,0
43,33,119377,40748,424,19903,14.53464197,1
68,24,138994,30664,653,36769,9.180892831,0
43,12,135062,38178,745,38069,10.8394217,0
57,24,81375,42656,392,35498,14.58992649,0
47,19,108088,1354,583,22131,10.86371342,1
38,1,135400,43335,325,4640,11.22735588,0
49,26,43211,24245,350,25545,9.074699089,0
58,18,110227,19510,603,25043,4.977115724,1
32,17,138043,32570,628,25515,17.0121994,0
20,7,106240,39060,443,5188,15.85247431,1
61,12,147285,2694,729,5047,15.56001339,0
48,4,32246,40947,514,48792,16.27057426,0
25,39,118416,2078,418,3089,18.14270504,0
37,39,77661,22616,402,23355,8.821919324,0
22,10,69257,45865,824,9402,2.91722224,0
33,34,76174,48140,712,28857,13.33475636,0
47,37,102936,14204,708,45339,6.699727204,1
56,12,67714,21824,352,11296,16.37512456,0
18,11,81514,42485,524,39952,18.77261381,1
65,25,91085,49635,494,8944,11.57421928,0
41,6,65341,30654,545,40954,2.43945945,0
63,10,127112,790,600,15988,7.757361975,0
52,0,58910,12707,605,9240,18.73870993,1
59,36,31285,18413,340,42047,10.71261892,0
23,9,107249,3412,733,26329,10.61094588,1
49,16,83556,17911,483,13353,1.122547544,0
53,11,52228,13881,341,44716,5.891601456,0
18,32,118221,11799,630,45837,18.66725494,0
46,33,64277,37017,418,1067,2.18733155,0
41,15,52063,48122,702,27199,12.23947223,0
21,23,24108,13735,349,31573,13.22783652,0
28,24,50548,32741,690,29275,19.39185481,0
59,5,112699,10719,406,12621,5.561122305,0
50,11,52498,37622,301,45912,4.702569372,0
53,31,139988,27834,394,44672,16.43117222,0
31,29,84004,97,520,47152,14.28804905,1
49,16,50716,4463,631,24665,17.66056333,0
42,0,23233,187,638,15275,16.15233632,0
48,38,88219,18447,491,41608,2.141686982,0
38,23,143143,44319,323,21589,11.32885286,0
37,23,37629,32173,363,29738,8.120369106,0
64,39,62591,11842,762,21794,1.840861013,0
66,26,21502,453,387,36755,16.94655241,0
44,15,103471,17490,322,1432,7.605882478,1
52,34,121179,27190,509,47451,13.2360529,0
36,5,129151,42315,530,5927,4.427502926,1
62,38,75025,13867,591,40286,3.019481045,0
67,34,26015,32727,347,44254,2.757178297,0
27,36,126431,39105,849,28912,9.868765257,0
47,33,110820,49871,368,11994,10.81231581,0
68,32,65463,27813,489,17789,11.79651966,1
35,25,71652,34028,396,27708,18.47310169,0
57,39,57555,15737,679,27950,17.95084291,0
61,33,39429,39752,641,7099,7.915664462,0
24,15,90375,45070,597,47892,8.168280431,0
25,26,144605,49677,785,35986,3.916459859,0
24,10,99417,4033,815,47018,6.996044536,0
55,0,22349,40525,744,25614,13.48747332,1
33,0,21332,10666,713,26520,9.195982979,1
53,1,79242,38742,422,7637,18.27983635,1
56,8,24674,2048,638,49195,8.118545212,0
50,35,149343,48923,793,10339,16.37581005,0
28,5,48759,28031,396,19969,8.525135706,0
59,25,128701,47273,589,36111,19.64919,0
37,38,22285,49380,609,42144,2.195037271,0
65,2,120477,38657,597,16803,16.71695589,1
64,36,25331,23325,640,36922,16.17185957,1
68,7,127345,44258,568,5693,5.849684729,0
24,34,149577,39000,775,38383,4.225782776,0
26,31,83435,4351,330,24019,18.30129959,0
18,37,77792,196,618,17479,15.24503129,0
65,12,114216,25512,773,6534,3.567611505,0
57,7,31522,23222,752,43220,14.19443534,0
38,38,94887,9532,661,37872,12.09610923,0
69,39,111127,1750,629,9179,8.197006817,1
44,30,85959,5958,344,42086,8.006409082,0
24,11,25350,6855,414,44467,9.675321471,0
58,30,125507,8289,751,16561,1.012020552,0
31,30,137044,47996,641,42600,19.52945061,1
62,28,50058,44412,425,11163,13.18000888,1
45,17,90782,18102,312,13881,1.771708202,1
51,2,135163,26960,762,14216,4.573302563,1
45,19,145581,45131,415,2393,2.060375533,0
39,3,62438,16049,559,23963,8.454127863,0
19,22,86644,3877,483,45048,4.686027004,0
26,33,37355,18037,365,45176,19.63303715,0
67,34,38940,35853,623,19589,18.97339027,0
31,18,55941,27228,708,13630,14.95909456,0
61,1,114054,3446,784,13252,11.18886986,0
23,18,68734,32485,797,36166,12.24180924,0
58,23,56502,7974,518,3820,12.4015386,0
26,13,147346,15954,392,13568,13.88116068,0
37,10,89664,38666,539,46171,1.162221829,0
55,24,134547,38092,780,21191,2.278862248,0
51,26,98043,30999,748,41269,1.854991632,0
34,38,137365,23468,303,5375,8.1733967,0
44,32,98374,19371,795,47141,3.448217897,1
32,26,33760,38065,713,34822,17.78703996,1
44,37,132702,33924,548,3425,18.77429176,0
33,18,69601,34298,356,14496,4.903574712,0
44,30,134643,5296,719,47152,6.729590343,0
29,7,30866,36322,617,17510,14.49797712,0
64,21,104852,7621,584,30848,6.467876468,0
50,21,48070,39933,776,25798,7.733784901,0
58,25,22039,47275,446,45594,6.521708079,0
64,39,53721,45686,592,4352,5.197284399,0
33,12,104827,4053,832,27853,11.32564715,1
45,15,99853,7811,414,19236,7.440737073,1
21,34,82070,14340,317,4555,7.801999097,1
30,13,21694,6121,517,32625,1.942101696,0
37,14,57783,4027,597,20178,5.43345461,0
63,27,69610,15755,658,10533,9.431037715,1
49,6,93803,7394,331,15830,6.387326447,0
19,2,90690,29324,381,7677,18.43351286,0
67,28,137323,13896,563,13089,18.56702452,0
43,4,33225,41394,788,1007,15.89490412,0
62,22,145590,30023,483,42880,3.940667648,0
19,11,55142,14821,311,3808,17.59302528,0
41,9,73544,18277,770,1161,1.121193772,0
43,4,124088,34331,696,7705,6.025616037,0
29,32,87634,10037,481,36547,16.69253092,0
68,6,110023,43581,826,23517,16.37235646,0
66,26,131129,4457,806,27585,19.5801807,0
65,30,106309,2310,647,21686,7.48962198,1
35,18,23498,20815,835,38897,8.286107965,1
40,4,37076,25281,602,25563,16.57124483,0
21,14,141751,29421,393,43053,3.461560986,1
58,5,104161,34411,644,41637,8.336414227,0
31,4,103472,3804,546,26718,18.36078034,0
51,1,62497,21976,777,19064,4.368957282,0
61,17,33707,6910,743,39828,13.99268864,0
20,28,94049,31627,821,2256,17.59136395,0
39,11,117815,31553,486,21665,19.00338965,0
18,35,131322,43768,635,35377,12.49436074,0
33,23,35484,36544,611,20816,3.126709458,0
64,28,89534,43512,520,5701,15.82170591,0
61,17,68196,9183,674,5596,19.32483692,0
18,30,104612,11006,656,11976,1.042829347,0
25,17,57790,42693,690,7768,4.000528851,0
25,27,133458,16130,647,2071,17.79184117,0
20,36,27830,37016,815,18066,9.973537383,0
26,27,92735,37062,673,37394,7.446542201,0
19,3,108141,33968,668,42995,3.922219359,1
57,5,24269,49394,368,48631,15.63432055,0
37,38,114367,29087,438,16628,17.83036324,0
60,35,57782,26267,363,1757,5.572489352,0
67,20,30512,43912,846,38643,2.014753038,0
37,39,72846,47775,519,27134,2.54934542,0
58,29,98374,39118,634,29318,6.85863018,1
39,9,110432,21099,773,2610,18.51230458,0
68,13,144033,1773,826,46825,9.80277916,1
19,13,59733,9473,820,8566,16.8612099,0
29,21,53241,15155,532,21916,8.211788314,0
64,11,76107,11468,492,9494,11.28097661,0
68,0,89223,37849,836,47112,18.05070347,1
20,11,49234,9686,434,43199,18.98997681,1
24,1,65726,1897,519,22393,15.11691822,0
21,22,96793,14682,565,38194,5.230458037,0
69,26,85956,40775,331,7839,14.18626603,0
61,14,32968,12506,579,31267,4.84029306,0
64,6,38733,23012,774,44572,2.65493921,0
30,13,128799,14622,477,13880,6.222836288,1
29,27,63913,17507,732,14843,11.26634642,1
33,19,55383,48454,360,24202,19.93609945,0
51,13,41522,10227,508,4354,17.41262104,0
21,16,93841,25747,454,46931,17.98896757,1
63,20,118785,5561,481,46832,9.239004782,0
54,32,137804,3077,449,24764,17.33745804,0
31,28,103978,18614,645,13509,4.873003037,0
36,29,126181,14837,397,5839,19.3756085,1
65,11,93914,9575,811,18934,14.66885954,1
45,35,58767,12307,349,33121,16.63039522,0
58,6,78136,33598,705,46564,16.67348044,0
28,34,142665,16540,723,4752,13.85229789,1
36,35,59568,1505,541,27524,15.48471648,0
68,35,82234,18441,813,6250,17.85630916,0
52,11,63863,46917,496,14567,7.668733302,0
27,3,64034,48266,498,31669,19.95138195,0
35,23,58325,3471,585,42245,11.42951441,0
48,35,21265,37271,809,42509,3.488107664,1
20,15,134483,37702,729,4336,19.82560359,0
22,7,108463,4803,475,44675,5.358380918,0
38,13,126476,19720,363,6047,8.340339444,0
23,24,131038,20373,376,6969,19.04635196,0
69,33,24579,28044,836,20379,2.678488826,0
47,32,23252,41209,301,7909,7.604038394,0
69,5,103629,4960,721,35466,10.9043603,0
27,6,67671,24901,521,12503,8.790191712,0
38,9,71815,22747,405,34557,10.47817,1
41,0,64948,30081,762,30191,10.31575473,0
65,39,111107,7875,637,41005,3.879164687,0
66,35,42938,1461,704,43678,4.989121186,0
54,21,24834,40574,334,46822,15.81943628,0
40,15,24636,34333,466,17242,13.07983156,0
59,33,121193,39691,531,32995,13.93178243,0
43,36,83962,33904,388,29644,5.039288275,1
66,32,42546,41500,383,13639,2.658858333,1
25,34,134934,48189,645,35096,17.70887302,0
32,20,127181,14796,408,37978,2.912393979,0
28,27,119684,16893,472,32311,19.72651849,0
66,12,94601,17031,427,6622,18.34440496,0
56,16,121593,5356,701,48946,16.03421084,0
37,0,119287,40302,801,20449,12.30080052,1
32,0,146158,14683,574,42620,19.36138395,1
18,8,85466,71,704,8532,17.20243578,0
65,1,77894,35806,472,26167,19.6910363,0
20,16,47776,47309,743,45992,14.86858641,0
44,37,111422,25349,560,35058,17.08312796,0
22,33,70486,38671,615,42737,5.999245315,0
40,26,35078,24451,328,31323,1.835398505,0
61,23,148456,25982,632,13859,13.82583443,0
46,18,26035,15607,820,23253,16.68420296,1
44,39,95892,37978,699,6948,12.39817306,1
32,13,59859,19568,405,27559,2.546923072,0
58,29,79317,21003,565,15420,12.34444154,0
35,31,124562,30733,380,29634,17.3353583,1
62,16,22457,13298,338,48416,12.19463312,1
30,0,65647,39131,603,30666,2.826401295,1
36,20,108135,24772,392,47405,13.90072866,0
59,19,105904,25746,802,21871,17.00057227,0
34,12,82523,9519,771,7638,3.683277535,1
30,22,105077,29580,326,42324,4.686919206,0
53,7,37542,29540,825,40155,2.631152515,1
31,33,94487,29929,726,11599,16.27926969,0
46,12,41547,46237,553,21471,7.277233823,1
23,32,87654,13254,669,23570,9.725627667,0
30,38,82181,24814,523,36834,13.67927891,0
53,15,48006,17212,786,40942,1.400361022,0
54,9,36043,13747,570,49952,12.78727509,0
45,0,146959,9543,546,35753,5.300459626,1
30,31,113495,49326,315,7673,1.332856898,0
30,3,31056,21215,734,36261,4.678838198,0
41,26,29274,33493,640,31096,5.910535456,0
34,33,145427,33670,450,27987,9.937530994,0
25,27,139621,45264,446,17657,17.87555287,0
20,29,51950,7079,835,37767,6.454639234,1
44,29,123678,15127,566,3544,16.46639077,1
41,8,146905,18997,329,8410,8.286358462,0
32,5,117513,21996,398,5911,15.21505122,0
38,17,56962,13920,640,42366,19.09212595,0
61,22,71363,23367,374,41784,13.74624335,0
39,27,40450,5217,606,7605,1.066098517,1
61,34,21298,2972,776,47420,7.310160665,0
54,24,133057,14248,520,38029,17.97137833,0
34,3,46268,10837,786,13801,12.56786593,0
27,18,40439,12836,407,7571,8.47979564,0
33,27,74050,49998,441,12097,10.33627665,0
21,34,90028,32138,405,41698,12.99729152,0
27,35,74693,9313,739,7790,1.178215269,0
21,27,82186,31083,680,29971,1.369821247,0
60,13,77386,11662,390,12393,4.693191331,1
21,20,147110,49112,599,37676,1.765858277,0
37,29,102096,6203,453,20076,13.12144739,1
63,9,84373,7788,433,23702,19.11406381,1
25,32,38236,24647,411,15812,7.779320395,0
43,4,134314,25394,819,46073,1.051804645,0
53,34,69959,23171,457,20673,12.49850548,0
44,1,52364,39240,362,43326,4.200209468,0
58,39,71800,3407,823,14100,10.59852135,0
18,13,106173,4797,767,5460,19.38545747,0
66,4,114394,2344,804,22554,10.43907047,0
36,9,92430,25752,394,7590,1.991006613,0
64,21,71286,40275,558,25011,5.300437691,0
66,29,39968,7843,545,31216,6.088730381,0
48,35,113562,48624,822,36054,4.530023053,0
61,25,92567,4232,365,13556,7.263852221,0
54,36,130543,31853,447,18721,11.81530442,0
60,32,99850,45513,314,3837,15.61033183,0
68,39,142614,6815,715,15706,7.441536784,0
45,31,94314,42183,567,15094,3.366422042,0
65,11,65243,1303,316,15054,2.514502831,0
19,39,128966,44017,303,16110,6.416585682,0
55,3,127262,14811,523,17609,16.28547264,0
41,20,75066,3827,495,10013,2.986551701,0
31,28,114818,21742,771,8144,2.909486638,0
24,15,32255,43,676,14889,12.7641522,0
47,23,118285,12456,332,32655,6.61412597,0
48,34,51152,40185,797,16835,18.57924728,0
38,18,133762,18602,457,37045,12.95005993,0
51,1,84897,24311,566,11763,17.34327497,0
63,37,37498,12594,812,37894,1.33166972,0
46,1,140653,4366,345,30286,7.568996781,0
38,12,59928,2733,604,26423,14.0025285,0
61,28,96768,22819,737,48059,14.79304096,0
21,9,47625,8916,375,47005,9.622573556,0
34,11,50617,1738,679,22669,18.11788983,0
66,10,81425,49553,546,14024,3.315084568,1
21,7,123834,34768,502,21606,6.034224927,1
52,3,91005,43102,353,20432,2.786536444,0
67,29,33758,1712,563,32584,7.454040429,0
58,18,102788,21323,505,21928,1.772984166,0
57,39,41536,37404,622,21571,8.152467302,0
57,18,22837,33419,721,13134,10.25570259,0
57,4,125544,46366,735,1705,6.596878012,1
42,30,43154,35816,749,9810,13.94784575,0
53,16,51757,20105,773,24500,8.900959034,0
49,25,39635,2243,591,40197,19.15931515,0
64,25,85248,12671,754,41182,11.66134896,0
49,16,77721,7306,596,26714,14.74466693,1
37,18,62029,21962,572,26082,17.23583164,0
26,23,138486,323,546,39107,2.982363732,0
50,36,68807,1744,320,44488,18.90665858,0
39,12,31978,10073,552,15213,12.31088873,1
25,24,81561,13945,373,48148,17.32486474,0
63,36,121496,25909,660,23445,3.270959753,0
28,23,74405,25983,799,39001,1.498647412,1
68,19,128396,26771,446,26822,1.760484314,0
25,0,57830,17680,420,11260,6.107711928,0
37,29,103162,25223,762,28136,16.61113932,0
55,10,103388,47586,354,34078,5.944480139,1
34,9,56640,33281,556,22935,7.202913511,0
62,20,55955,12079,477,4795,11.09780119,0
59,12,88367,38685,724,14776,14.74311469,1
62,32,115198,4425,466,10280,17.1176099,0
25,5,93817,22273,387,3321,12.84012905,0
57,8,132083,25153,492,14516,5.783757212,1
58,14,126351,48212,589,13230,17.88292197,0
57,10,87515,36098,483,46844,8.556586415,1
39,21,66268,49806,481,39148,12.20823887,1
59,11,148661,35863,488,21959,9.026210007,0
50,33,100995,31039,748,42652,19.06109059,0
46,35,127867,11313,384,1013,7.060401949,0
26,10,22741,12861,634,36279,1.548995408,0
33,14,21502,23829,485,17685,14.80853822,1
48,38,116924,34750,743,6276,19.4823797,0
67,8,97024,1695,392,4275,15.17420477,0
56,39,105522,39288,752,2685,10.68825549,0
20,29,94587,35052,767,4673,14.79170503,0
61,25,118953,29421,562,10778,2.95267384,0
62,32,80602,17924,696,28651,9.503354936,0
36,23,60425,5643,499,35163,10.26936266,0
32,32,123667,5369,305,16336,2.614412495,1
37,4,55853,9410,526,3758,8.927492016,1
49,21,147408,13837,602,45838,17.58443738,0
48,11,88454,44563,716,31555,17.89962847,1
56,9,51101,28196,647,33277,3.570166304,1
38,37,118862,26738,759,22629,5.385725163,0
38,26,51801,23034,629,4215,9.065987036,0
46,19,33318,36972,761,35244,2.880520258,0
20,27,38002,12940,728,31517,3.545101262,0
48,27,112732,37478,652,40354,3.179322622,0
56,13,73288,17089,743,7454,13.00280291,0
60,2,136143,20284,700,49780,17.76909914,0
63,39,44965,19368,326,8221,18.75348289,1
61,20,137278,23271,500,43961,3.426601636,0
47,4,43122,45845,447,24170,18.23222325,0
57,37,81855,39963,703,42759,5.061649061,0
30,8,59298,37975,434,32610,19.55926422,1
36,12,135290,47026,701,3745,7.402069787,0
19,8,51342,42061,545,3356,7.465159197,0
54,15,109354,9926,620,29369,5.927301708,0
55,21,24152,34121,686,3463,18.1000982,0
24,20,134638,32745,449,13940,7.0336045,0
32,15,55558,11840,417,2182,8.332511538,0
61,38,85159,31775,604,15974,11.28204364,1
65,28,90989,44197,373,13351,10.41305241,0
61,30,108341,34158,732,44204,4.595115542,0
29,13,102723,28352,700,39621,9.384359857,0
22,11,58828,1604,318,7448,17.54301946,1
26,29,115477,32696,659,46223,1.257776591,0
23,17,41975,41688,817,48040,2.067598524,1
68,24,106465,19505,629,2259,17.63904351,0
32,17,115514,38215,501,17824,5.176837583,0
18,26,89014,25634,342,3064,9.186812917,0
39,35,118568,10301,540,16307,14.94149702,0
49,9,129911,34099,473,44738,9.562324765,1
57,0,64477,27316,500,40257,15.53054807,0
54,15,81721,40020,577,13225,15.86085129,0
36,27,80518,36892,655,42279,7.67390656,1
36,17,123096,29151,375,28941,9.914158774,0
60,4,123476,26953,641,13650,19.80899099,0
31,6,129838,49017,677,17733,13.80880755,0
63,26,41287,34988,725,41238,6.444390347,0
34,37,46315,37890,769,29923,10.38574152,1
29,8,100858,9030,690,36811,4.603641038,1
31,5,88291,47027,338,49230,7.559562132,0
49,28,93426,12188,496,4042,19.96445432,0
56,26,134028,16232,407,47479,15.68001456,0
43,8,53137,31938,493,4059,1.245399258,0
38,19,144222,24670,416,11918,19.23305926,0
45,35,72584,39661,602,48761,15.04695211,0
19,22,105745,13899,650,37200,12.14547608,0
48,19,96301,31582,814,25783,2.361399135,0
55,0,58951,19576,685,40721,17.50732717,0
20,30,66952,33325,399,25121,2.571882676,0
26,17,48422,10654,701,19930,14.83471382,0
28,32,38951,14817,494,7591,13.67250384,0
27,19,49969,18399,417,20593,2.291518783,0
58,0,42255,5466,843,45595,18.74878338,0
55,31,87171,1060,640,1641,9.820326149,0
31,29,58056,1438,342,9978,1.700684233,0
66,36,94281,26908,846,21835,8.47574408,0
27,38,125995,28034,774,32277,10.83552529,0
51,19,145297,30627,499,7210,12.96009956,0
42,6,128824,8264,740,1138,14.15304886,0
34,26,149710,7641,773,47041,19.01452096,0
38,9,146412,44142,448,15096,2.726700293,0
37,9,88888,35899,631,2277,6.11914832,1
47,5,37302,33618,363,3943,6.495688985,0
22,25,75030,462,808,8808,10.76292717,0
57,27,116121,14276,831,37612,4.235806636,0
20,38,63750,29003,749,44196,19.56056827,0
37,16,143346,47706,326,46922,12.52818743,1
62,38,147759,27440,641,32751,6.615044838,1
52,29,42827,15994,520,13407,14.35565693,0
48,32,42510,39821,473,19198,5.59679013,0
43,26,49260,48090,441,37034,19.96536465,0
30,0,146483,23726,712,26800,7.284357027,0
23,8,99070,18743,419,26134,2.014768429,0
57,5,120103,9434,756,49286,11.63316561,1
33,28,110809,36407,801,11387,19.50966154,0
23,10,29375,48005,529,33423,1.73977179,0
35,33,70377,10054,409,4995,12.96515425,0
60,33,127137,3823,581,47315,14.32992264,0
24,14,142450,18133,657,40761,1.762174445,0
62,25,61132,20690,715,13316,11.96674846,0
43,9,101613,24308,497,19935,2.270654332,0
40,29,22038,22027,502,16945,16.9451124,0
46,2,82451,2953,616,16640,12.31517724,0
42,0,23967,29858,374,13982,17.03227452,0
42,6,114700,45357,619,4670,5.784243052,0
31,6,76057,8967,742,46213,19.58264895,0
54,29,86994,446,386,42943,15.62208293,0
31,1,90266,39725,705,18481,18.69866169,0
34,33,128986,33376,780,1123,8.654101786,0
41,7,62567,26850,492,37941,11.82422018,0
47,5,73337,33354,413,39605,14.49807743,1
50,0,78828,26447,317,26627,19.80136483,1
59,21,21338,49620,755,22338,14.77486984,0
21,22,99783,20152,595,18346,6.432157833,0
32,25,40883,6327,553,30016,17.75236284,0
37,8,102574,25256,425,37985,2.461530647,0
25,30,36126,48367,570,46667,19.91307779,1
44,31,22848,13088,837,33775,19.46936343,0
29,9,149393,2372,320,21766,9.098570924,0
40,26,54890,23268,536,18090,2.168135879,1
64,18,48334,24747,769,36931,2.422603913,1
60,23,83606,46693,800,11390,11.3066002,1
33,27,100079,16606,656,5510,8.664528924,0
69,9,129897,33865,567,23258,17.50159669,0
45,9,21859,47334,306,23626,12.13295576,0
35,38,92953,31018,845,6182,17.24149103,0
58,34,146741,3861,468,22625,7.522858239,0
27,0,85965,26087,733,2471,8.854671175,1
45,10,87441,36629,424,27170,10.54488726,0
36,23,55257,49780,783,30395,11.16965427,0
68,22,93680,15366,700,44404,16.41873503,0
24,24,28521,43079,670,22856,17.09181694,0
67,39,149375,9013,688,29979,14.25930463,0
21,28,149852,40463,374,4019,15.86923363,0
65,39,63788,37769,387,1933,3.405670761,0
33,5,112948,19507,802,22254,1.039597809,0
23,4,93602,31497,402,14040,15.74577267,0
44,38,91026,21244,721,36942,13.31389278,0
69,32,52373,3234,376,42696,2.578408325,0
49,27,97874,45767,807,30112,18.91873551,1
22,14,97522,29232,518,3874,18.82265869,0
33,16,140927,49765,329,9019,18.05389102,0
43,6,117166,28069,449,14927,16.01873707,0
58,33,89396,17842,447,9484,12.56950472,0
38,29,101292,27021,559,37873,10.70455538,1
25,31,95995,19931,543,44539,6.682326919,0
57,38,132732,39863,401,21151,10.72262821,1
48,36,67527,38056,432,17702,18.91620092,0
39,31,100591,2729,631,33590,15.22382013,0
56,36,134998,47370,835,18284,2.167923588,0
32,32,138625,38483,645,21424,17.03679943,0
69,33,86824,32027,381,48782,14.95419373,0
32,19,113873,13835,554,49066,17.38868694,1
54,19,23828,7312,357,22412,10.17903491,0
41,37,137768,8324,491,47018,6.231890462,0
39,22,106883,43398,361,24799,8.429584504,0
60,37,77684,28807,470,43012,18.13635311,0
39,8,128664,47922,359,46189,16.94411058,0
56,8,55183,1309,841,23984,13.18360651,1
56,33,57249,20205,668,35899,14.72262952,0
22,2,47189,11153,559,22352,13.10970055,0
24,37,122363,24411,300,4375,7.178997995,0
27,34,62628,47392,621,23236,14.70362671,0
57,6,99466,3136,322,32816,3.345368416,0
64,26,69120,10556,564,42308,15.4887808,1
61,10,92174,42832,741,31859,7.540198973,1
34,8,72351,48160,541,36123,2.139936866,1
34,33,149591,1048,797,24178,3.436913494,0
21,19,38501,20728,811,20115,13.36478569,0
54,27,109506,19346,564,8124,3.92706943,0
23,32,59597,32092,472,49818,17.11368405,0
42,28,80882,3268,392,18390,14.10848208,0
45,37,111829,33648,429,30643,16.30662755,1
57,27,130149,41962,617,1815,12.29446017,0
62,20,105786,24941,526,41199,16.56899813,0
35,25,135525,48411,429,3925,3.316050909,0
44,24,57339,49929,313,37206,9.007456392,0
40,8,130217,10799,348,30990,17.66165277,0
27,21,27336,8045,771,38677,14.33218056,0
44,23,70494,15988,813,33207,3.714765548,0
20,39,103732,42157,664,28156,5.693030708,0
32,10,74479,46397,650,11136,6.407035603,1
44,27,27761,11033,457,39887,15.66132522,1
19,4,77303,39553,441,13150,14.9072253,0
42,8,99460,32100,575,46647,7.978857035,0
53,34,142933,43321,440,28679,13.49916848,0
61,35,105942,48461,797,32190,12.12630205,1
33,23,43921,455,447,28281,15.05240002,0
20,21,27314,46323,379,15297,7.887253226,1
32,8,38552,46418,632,43250,8.74955392,0
66,25,112558,5831,449,35949,2.161804189,0
60,3,48724,22904,820,27505,10.19209728,0
32,15,73925,4765,576,49266,11.28727741,1
26,10,73886,4560,670,43640,15.7155125,0
54,29,116322,32769,834,45699,4.234479998,0
42,36,117493,19139,793,41227,17.09919299,0
26,22,21017,44787,475,9618,4.982220676,0
48,39,108700,48497,493,46566,3.811406643,0
40,7,144412,28850,631,23457,3.677886984,0
44,33,103112,49919,403,31149,16.67650606,1
20,23,29689,6165,810,23024,2.632259043,1
33,1,84703,46605,664,49591,4.724306498,0
63,21,82621,14345,572,16103,17.28033922,0
45,1,140253,23684,429,34959,13.00322635,0
64,11,64079,22297,580,38305,17.95175463,0
37,38,107614,38563,567,17215,1.932451881,1
51,4,68546,29038,848,40997,4.094265792,0
62,19,101137,5203,603,27694,4.37142788,0
18,22,91634,21256,319,1558,2.677049674,0
34,10,102635,11579,430,9081,16.56588227,0
41,9,124980,47370,421,21015,6.840957365,0
38,19,62665,21560,711,44388,19.71823566,1
48,30,98670,48249,805,34395,15.23742631,0
50,17,149269,15745,450,2507,9.91236523,0
21,19,148991,29228,499,35411,11.17504303,1
28,19,63875,46290,450,23957,6.020253396,0
68,24,129425,38425,803,10370,1.947300331,1
49,5,39051,25554,395,42950,11.72182924,0
53,10,66933,22224,781,35413,9.283348335,0
19,10,38118,47673,747,44898,2.493936032,0
59,4,60118,26048,670,42852,6.277151985,0
50,31,86643,13695,633,4643,19.93007251,0
38,9,125831,2096,380,37539,3.899045115,0
25,22,109627,16070,693,5365,3.995407456,0
60,14,56414,6456,801,6325,18.66280845,0
41,21,129747,25858,511,7312,17.26892648,1
66,16,124595,26443,836,46009,12.96573407,1
36,4,81342,25619,495,9450,7.483544988,0
24,3,97531,28327,397,38581,13.31182376,0
55,26,74249,35417,682,27592,11.20574635,0
55,1,66352,9684,553,47351,14.75288401,0
60,31,31230,41095,531,21053,15.70039618,0
20,14,36489,19744,538,37104,9.736927084,0
63,30,100602,43543,557,15483,4.236598389,0
36,28,125653,18107,426,25447,7.7218123,0
33,33,122168,6582,402,20098,15.91466676,0
26,5,100725,19493,819,5999,8.880978499,1
23,29,63943,21132,611,31254,11.41268403,0
49,4,119147,36636,598,21651,5.729503635,0
54,7,84369,18161,774,23387,7.558853659,0
36,23,93413,37172,551,41026,17.14868438,1
18,10,32030,40677,457,21867,8.877024952,0
56,29,58357,5430,539,11320,7.631108083,0
48,38,63301,4028,837,39325,7.600920853,0
29,32,128476,24357,365,7946,10.0723148,0
67,11,45197,34367,551,21277,6.392383914,0
25,24,21533,43719,807,23971,6.079754774,0
51,19,145926,20894,378,16468,2.687597194,0
60,1,45489,506,625,37808,8.617065178,0
67,38,80460,6289,759,3845,6.960564685,1
49,30,118113,37850,705,3940,17.95964312,0
56,39,92742,1818,641,39281,8.71852295,0
67,1,116299,26678,326,26104,16.19248649,0
54,1,63525,11269,619,5741,11.67456215,0
20,25,77188,23367,432,47233,15.52979446,1
43,31,30138,46624,662,35264,18.37489599,0
23,3,45646,46282,316,11375,19.02842285,0
25,2,127559,24615,717,34126,8.101964196,0
45,25,124362,49320,559,27294,7.64826148,0
23,13,129754,23425,391,42343,3.2912159,0
22,0,92456,23535,783,22095,11.90773891,0
29,27,96627,30717,306,39127,17.4622315,0
31,8,47458,27003,823,41713,5.453878293,0
36,29,100291,28344,521,13837,16.89948302,0
46,37,36031,42175,344,9157,6.087025078,1
56,32,106158,21809,381,2852,6.571981965,0
24,14,104441,22059,742,22920,7.294911584,0
68,32,145727,7026,420,25580,3.437446615,1
26,15,93299,47631,590,39347,11.00212454,0
59,34,115350,42053,797,47763,15.87223604,0
45,7,100833,45167,428,30180,16.44705881,0
49,34,22274,9027,600,13050,7.130132428,0
19,15,32327,38109,569,39517,12.53353806,0
39,16,132832,45296,519,41148,16.03420304,0
59,27,114927,41541,789,7632,3.288040961,0
29,34,24636,48243,366,20628,14.91141888,0
26,25,104007,39466,460,26903,16.51510915,1
25,34,77571,20436,301,26852,19.26564831,0
55,27,35470,39381,412,31343,15.64704617,0
35,1,122840,25076,480,27105,7.151498752,0
57,16,115816,47513,581,4727,2.857292661,0
61,1,127239,8318,453,26249,6.38725174,0
25,39,145598,12461,338,35794,8.284715297,0
30,27,96099,36750,717,43247,12.32727583,0
45,6,100078,16085,689,28735,14.0064245,0
59,20,45532,31435,480,46516,14.29973587,0
32,29,133024,32151,622,47710,6.068792853,0
59,17,123225,45130,441,35905,17.70203069,0
54,36,121478,694,502,30406,15.0847933,0
62,13,65480,19901,382,25610,11.21598178,0
47,3,121982,20071,763,3770,18.37620117,1
28,25,126959,23433,529,44381,1.886251718,1
62,15,142606,30238,688,46473,9.08603246,0
56,14,43322,33393,627,33152,2.786197823,0
26,0,78443,48066,336,34160,1.401623421,0
28,24,121102,32899,786,33182,16.95703223,0
41,2,38579,9907,521,9084,16.08854589,0
59,5,121762,16781,812,21553,16.97165915,0
40,1,76825,36642,535,15459,6.790015248,0
39,0,131406,38645,720,23632,6.861736882,0
22,24,141796,34835,525,8617,9.349187451,0
41,21,43450,36064,621,23812,5.877378563,0
30,3,137756,5303,692,4078,8.235630635,1
44,39,144574,25715,453,24319,4.899278945,0
59,21,68977,18350,454,49455,19.52647373,0
60,25,149889,29873,824,38310,5.610865256,0
24,21,120563,30611,528,3136,15.59730466,0
23,39,35212,9031,679,4981,6.622693942,0
42,25,32599,27670,629,25449,6.986941858,0
52,19,70552,6714,661,35640,18.24730825,1
66,32,122276,7124,661,45202,2.417922421,1
33,36,105339,886,737,20067,14.8009892,0
45,32,111217,39794,321,30509,13.49640219,0
69,11,48032,27573,837,36806,4.775600019,0
42,0,29533,31476,523,35047,6.075217035,0
67,33,149962,18555,533,44582,2.669648067,0
53,21,112315,2255,746,9513,2.565274885,1
50,9,59328,4621,696,24497,11.71432636,1
27,37,51203,37503,534,24899,2.883005327,0
29,16,74632,21837,413,30101,9.786741309,0
65,7,39255,25705,707,33412,16.43343531,0
56,24,125393,5324,680,32438,9.459210022,0
33,5,55354,45131,349,49891,9.349136225,0
31,38,123237,13135,537,49750,16.90074314,0
24,33,106704,34342,737,23958,18.67777182,0
54,36,40048,35387,379,5651,19.74816116,1
34,19,107264,44283,346,23662,5.819156758,0
69,21,37163,13968,355,41264,8.199092377,0
24,37,48370,23935,821,25886,4.790143566,0
44,4,22777,5066,582,10402,4.76297622,1
59,36,88346,14324,587,20274,15.52441293,0
33,9,20964,9006,613,27671,8.177733175,0
38,33,23767,7215,675,32464,2.744138746,1
36,32,70233,22960,599,16928,16.53323006,1
22,0,109537,42858,398,42016,10.4372059,0
58,35,112840,30953,347,24133,18.52445685,0
31,11,56481,31300,386,20840,19.32041652,0
58,0,120656,20790,562,31780,19.72810625,0
31,33,142135,32033,326,34638,18.59057369,0
21,24,71358,49930,645,2221,7.039085426,0
37,22,41398,25669,659,48171,16.54755589,0
59,5,107725,9259,544,12634,5.041004536,0
54,29,121564,36072,602,41464,17.06596397,0
54,8,100750,21546,506,19027,12.10463933,0
58,38,116457,30034,705,25286,16.40942508,1
39,7,144249,2041,646,11473,13.1089054,0
65,15,38608,4760,355,4054,2.14997626,1
64,5,113261,16496,666,42560,6.869485959,0
49,30,54416,4902,720,11482,18.24257627,0
52,29,89276,29872,814,37293,14.40610217,0
38,35,79092,7628,840,3866,3.607503643,0
58,37,50705,48845,798,38803,2.7305414,0
42,24,126666,24618,612,20801,19.26607103,0
28,28,109873,11138,773,15480,2.826158596,0
21,19,45774,29671,633,31474,2.217772741,0
43,28,75749,38281,490,21681,18.33933676,1
34,6,100605,47763,600,31747,17.98269269,1
46,25,38000,13377,568,41216,17.42706896,0
32,10,34023,299,495,44655,17.00217204,1
20,7,146830,41027,493,29220,13.69488402,0
41,28,71463,23672,372,7545,15.15370271,0
51,7,52290,27180,651,47880,18.03092029,1
39,3,120535,41399,623,46693,10.9688886,0
64,31,146327,38795,681,13056,1.821047575,0
49,18,103389,1267,664,13726,5.401460564,0
62,10,77792,374,651,37002,12.75794133,0
41,22,146160,28054,654,49534,8.697945693,1
60,23,118202,47396,487,32999,14.53721609,1
37,24,84721,6755,437,37784,10.51379779,0
20,2,97575,8298,521,38408,18.74831022,0
44,29,57834,49545,523,11250,15.83720617,0
27,6,137360,3714,585,12163,10.42117523,0
28,17,47778,41662,519,32118,16.02061399,0
37,2,105783,17317,712,23363,10.34655605,1
23,1,81936,3830,341,10558,7.198399326,1
53,27,129430,2247,591,5389,14.14882626,1
65,4,61472,49785,513,26331,15.47009352,0
54,15,111563,10150,497,17580,16.46237571,0
19,6,70653,39896,690,25743,4.503608307,0
39,22,53919,33336,331,48854,11.14322408,0
39,20,45840,26999,710,47182,6.772287164,0
42,28,48113,14241,678,40118,7.087217462,0
42,38,114942,37394,397,35222,10.11309049,0
44,32,55229,14931,846,29002,18.10555908,0
22,26,114201,12946,443,29402,1.996900841,1
35,5,110887,31229,769,15887,13.33814801,0
23,35,26493,12594,826,41389,12.61472215,0
40,28,52055,19352,614,12728,17.97084921,1
21,8,73236,40623,356,26554,18.61022491,0
66,29,38263,28616,464,39192,11.00815942,0
27,14,96406,28747,374,15457,7.600402868,1
58,25,118385,46953,528,32565,12.30850277,0
22,16,35566,16330,723,4609,11.43867778,0
26,3,82658,30503,519,23941,16.90997216,0
33,39,110975,11139,455,49049,14.69071,1
32,28,20153,18847,626,28986,11.55195052,0
66,28,23341,33157,665,28450,9.412477471,0
29,4,35169,43983,731,44800,8.323117762,1
50,4,53383,44742,539,41258,3.691402753,1
38,13,69410,17850,373,33873,18.91510835,0
59,21,113988,21411,606,38553,7.64515907,1
