Bedrooms,Square Footage,Location,Age of House,Bathrooms,Garage Capacity,Overall Condition,House Price
5,3116,Rural,44,1,3,4,69276313.71
1,3773,Suburban,22,3,3,6,81551917.56
4,3504,Rural,15,2,1,4,74988800.76
4,2788,Suburban,30,2,1,8,61505426.21
4,1370,Urban,2,1,1,7,30699096.62
2,3977,Suburban,15,2,1,1,84166047.73
4,2398,Rural,1,1,2,5,51357899.28
3,2584,Urban,16,3,2,9,57100764.88
5,2123,Suburban,34,2,1,5,48458295.97
1,2605,Suburban,33,3,2,10,58175659
1,2985,Rural,38,2,2,3,65163643.55
5,2635,Urban,6,3,1,3,57878361.96
3,3119,Urban,31,3,2,9,68191777.64
2,3561,Suburban,42,4,1,4,77253594.81
1,1129,Suburban,48,1,3,5,28231990.93
2,1199,Suburban,10,1,3,4,28811020.82
2,2124,Urban,8,2,1,5,47068745.95
1,3637,Suburban,31,3,2,3,77443055.91
2,2435,Suburban,22,4,1,10,54130287.42
5,1096,Urban,31,4,3,9,28544822.37
4,2579,Urban,42,2,3,2,58208099.19
1,3402,Rural,9,1,1,1,72269514.17
4,2325,Urban,2,4,1,4,51063268.04
1,1100,Urban,46,3,1,9,28445340.45
3,1336,Rural,22,4,2,4,31684654.65
4,1112,Urban,9,1,1,10,27650374.46
1,1889,Rural,46,2,1,5,44146926
2,3987,Urban,1,3,2,9,85248339
4,3568,Rural,28,1,2,10,76958776.7
4,3259,Suburban,49,4,3,10,72777324.67
4,3990,Suburban,26,3,3,10,85174204.14
1,3624,Suburban,30,3,1,10,78480781.58
2,1372,Rural,8,2,3,5,31593276.41
2,2506,Suburban,27,4,3,2,56469364.43
2,1875,Urban,32,4,2,6,43613041.5
1,3437,Rural,15,1,2,5,73760525.05
3,1341,Urban,20,4,2,6,32090552.25
5,3328,Urban,9,3,3,9,72026695.37
4,2026,Urban,40,4,2,8,47264123.72
4,3557,Rural,30,2,3,1,77445720.27
3,2132,Urban,24,4,2,7,48636178.59
5,3251,Suburban,14,4,3,2,70263839.51
3,1243,Rural,41,1,2,2,30933036.36
1,1374,Suburban,2,2,3,10,32281431.23
1,1863,Rural,26,1,3,5,42690628.39
5,1065,Urban,25,4,2,6,27359385.54
1,3512,Suburban,31,3,2,2,75738466.36
5,3418,Rural,42,2,2,6,74982149.63
2,1210,Urban,17,1,1,10,29257341.09
5,2135,Urban,12,2,1,6,47171497.13
2,2903,Rural,40,3,2,4,64749538.3
3,3245,Rural,8,3,2,8,69087431.39
3,1801,Rural,39,1,1,2,41493654.52
1,2154,Rural,22,1,2,8,47910247.76
2,1539,Suburban,25,1,2,1,36117722.79
2,3792,Rural,38,3,1,7,81919931.33
2,1375,Urban,44,4,3,7,34943041.72
2,1839,Suburban,37,2,1,6,42739219.55
4,3028,Urban,33,1,2,4,66039099.91
4,3845,Urban,10,4,2,1,81951815.55
3,2443,Rural,41,4,3,7,55440998.79
4,3785,Suburban,17,4,2,5,80647748.77
1,3352,Rural,36,2,2,8,72333665.53
4,1945,Urban,4,3,1,6,43705044.96
5,1848,Rural,40,4,1,5,43590791.28
2,1184,Rural,38,2,2,9,29598231.59
3,1319,Rural,4,1,2,4,30746008.14
5,2466,Rural,41,4,2,8,56384996.57
4,1901,Rural,36,1,2,8,44010051.51
5,2843,Rural,2,1,3,9,61600674.14
5,2274,Suburban,4,3,1,4,49458615.84
5,1573,Rural,12,3,1,2,36150274.39
4,3515,Suburban,4,4,2,9,74344519.08
5,3093,Rural,47,3,2,6,68357339.24
5,1992,Suburban,13,2,2,5,44690785.45
5,2598,Urban,33,4,1,5,58775594.01
1,2249,Suburban,40,4,2,2,51815803.24
5,3821,Suburban,1,1,2,2,80550927.59
4,2356,Urban,48,4,3,9,54287648.47
3,2597,Rural,24,3,1,9,57685499.78
1,3218,Rural,8,4,3,4,68377289.09
2,1759,Suburban,2,3,2,3,39186003.57
2,1400,Rural,35,1,3,7,32881587.96
4,1273,Rural,14,1,3,4,30131553.88
1,2340,Urban,31,1,1,1,52220253.68
1,2689,Rural,22,2,3,1,58114986.82
2,2166,Rural,18,2,2,6,48936814.43
3,1877,Suburban,24,3,2,9,42596654.26
5,1181,Rural,36,2,2,8,28979682.08
3,1081,Rural,34,3,2,6,27882667.57
1,3246,Suburban,7,4,1,9,69407626.38
4,1028,Suburban,25,4,2,1,26589459.84
3,3532,Suburban,35,1,1,2,75923050.34
3,1484,Rural,41,2,1,3,35397603.37
1,3388,Rural,39,3,1,1,73233367.05
2,1498,Rural,10,3,2,9,35290754.15
1,1178,Rural,25,2,1,3,28852607.39
3,3229,Rural,30,3,3,9,70866620.39
3,2802,Rural,6,1,3,1,61619751.56
4,2438,Suburban,49,3,2,7,54916015.99
3,2851,Suburban,49,1,3,7,63241495.47
4,2166,Rural,26,4,3,7,49575251.03
3,3035,Urban,5,4,3,4,65868945.38
2,2456,Suburban,47,2,3,5,55569865.59
3,1632,Rural,39,4,1,4,38634561.09
4,2405,Suburban,1,2,3,1,52327535.97
4,2080,Urban,15,3,2,4,47240916.19
4,1449,Suburban,10,2,2,7,33738715.99
3,2896,Suburban,37,2,3,7,64323499.93
4,3191,Suburban,48,4,3,7,71320075.13
5,1631,Suburban,29,1,3,6,39038530.79
2,3356,Rural,16,1,3,10,71920922.97
3,3336,Urban,3,2,3,1,71764994
4,2998,Rural,37,2,1,2,65261019.06
2,3978,Suburban,8,4,2,5,83559088.73
3,2565,Suburban,18,4,2,8,56801947.85
2,3099,Suburban,32,3,1,3,68162961.94
5,1437,Urban,44,1,1,7,35858365.46
3,3820,Urban,42,4,1,1,81739564.52
4,2216,Rural,16,2,2,2,49060306.5
1,3202,Suburban,29,4,2,2,69112774.75
4,2492,Urban,43,3,3,1,56926073.11
3,3437,Suburban,32,4,1,2,73736834.13
4,3426,Rural,23,4,2,6,73534324.24
1,3904,Rural,24,1,2,1,83104620.22
1,3321,Urban,5,3,3,7,70724832.66
1,2988,Rural,1,4,3,2,64272269.02
4,3360,Urban,18,2,2,1,72678408.4
3,3208,Suburban,7,2,1,6,68109470.61
4,2265,Urban,5,2,3,7,50131492
1,1337,Rural,12,1,2,9,30649872.54
5,2608,Suburban,33,1,3,7,57094136.53
1,1073,Rural,17,2,1,1,25899604.67
1,1740,Suburban,3,3,2,10,39044201.24
3,2439,Suburban,11,2,1,2,53445021.02
4,3398,Suburban,40,2,3,8,73638644.71
3,1364,Suburban,39,4,1,6,33296342.95
4,1739,Rural,40,1,1,6,40846804.06
1,2440,Urban,1,3,3,1,54000845.02
1,2294,Suburban,10,3,1,1,50226822.19
1,1573,Rural,12,1,2,2,35696214.2
4,1416,Rural,45,3,3,6,34553013.11
1,3360,Rural,18,4,1,7,71380114.94
3,1412,Urban,37,3,1,5,34677770.96
3,1171,Rural,42,4,3,9,29344435.89
1,2121,Rural,48,2,1,10,48897287.1
5,1178,Urban,6,3,2,6,28493617.64
4,3862,Rural,42,1,3,6,82806974.42
5,3156,Rural,49,4,2,9,70444250.42
1,2864,Urban,39,4,2,10,63703772.83
5,3469,Urban,37,2,2,2,76647385.56
4,3680,Urban,5,2,3,3,78243015.9
4,3050,Suburban,12,1,3,9,67403760.28
5,1785,Urban,40,3,2,6,41966375.6
2,1143,Suburban,30,2,3,7,28830605.73
4,1707,Suburban,44,4,2,8,41229794.76
1,2365,Urban,46,4,2,3,54586755.72
1,2520,Suburban,12,4,1,5,54787630.12
1,1754,Rural,43,4,2,7,41639506.93
2,2893,Rural,33,4,3,1,63987291.4
1,3710,Urban,2,3,2,4,79053016.24
5,2234,Suburban,45,4,2,4,51063452.88
2,1823,Rural,48,3,1,7,42679380.8
4,3225,Suburban,35,3,2,4,69176973.84
2,2050,Suburban,43,4,2,10,46929035.99
1,1760,Rural,43,1,1,2,40401241.11
1,1644,Urban,45,4,1,8,39409804.2
5,1089,Suburban,11,3,3,4,26569097.27
4,2050,Rural,43,4,2,4,46745159.1
4,3291,Urban,41,2,2,4,72841830.72
2,2619,Suburban,47,2,1,10,59551800.56
1,3638,Suburban,40,1,3,2,77878887.33
1,1658,Suburban,16,4,2,2,38148372.46
2,3656,Suburban,46,2,2,1,78320196
3,3395,Urban,27,3,1,7,74512772.17
1,3852,Suburban,42,2,1,10,83180514.21
4,2407,Rural,41,1,1,10,53195649.84
2,2516,Rural,45,3,2,9,56581359.73
2,1387,Rural,49,3,2,9,34535925.8
5,2682,Urban,17,1,3,2,58972535.3
1,1205,Rural,44,2,1,9,29686609.03
1,3099,Suburban,29,3,1,5,67837120.2
4,1561,Suburban,1,2,1,4,35870494.42
3,3529,Rural,45,3,2,10,77387390.56
4,2682,Urban,3,1,3,5,58628707.91
3,3316,Urban,23,4,3,9,71848839.57
5,3671,Suburban,25,2,1,10,79329894.48
4,3279,Suburban,45,1,2,4,73156393.16
4,3914,Rural,20,4,1,10,83723598.11
1,3861,Urban,31,4,1,10,82106073.75
4,3113,Rural,14,4,3,1,67672287.42
1,3136,Suburban,8,1,3,8,67601160.6
5,3320,Suburban,20,3,2,2,72126463.21
3,3349,Rural,36,1,1,1,72279093.53
4,3431,Urban,30,2,1,9,75124027.4
5,3267,Suburban,21,4,2,2,70894909.8
1,1165,Suburban,9,3,1,6,27755885.44
3,1434,Urban,11,3,2,4,34137387.63
4,3456,Suburban,42,1,2,10,75578583.63
4,2968,Urban,35,3,2,10,65286715.18
2,2228,Urban,47,1,3,1,51376418.3
4,2028,Suburban,12,3,1,4,45126455.03
5,2008,Rural,9,4,3,6,45055127.03
4,1947,Suburban,22,2,3,6,44160779.89
4,2198,Suburban,5,1,2,2,48073408.38
2,3442,Suburban,48,2,2,4,75466448.1
2,1870,Suburban,8,2,1,6,41716606.25
2,2421,Rural,22,2,2,2,52841662.35
4,1726,Rural,23,3,1,1,38307948.75
3,2295,Rural,7,4,1,4,51127061.39
3,1974,Urban,20,4,1,5,46181724.36
5,2227,Rural,44,2,1,6,50906219.99
4,1479,Urban,7,2,1,10,34668781.51
2,3582,Suburban,33,4,2,10,77735752.64
3,1811,Rural,38,3,3,10,43115106.8
4,2492,Rural,23,3,1,7,55488724.46
2,3813,Rural,42,1,3,6,81562397.42
5,2154,Rural,22,4,1,4,49111352.17
3,2661,Rural,12,4,3,10,59170289.13
3,3168,Suburban,44,4,3,2,69050888.29
1,2664,Rural,4,3,1,10,57236971.8
2,1184,Urban,33,3,2,3,29633828
1,1978,Urban,30,1,2,5,45100566.31
5,3646,Rural,22,4,2,1,79303478.59
1,3238,Urban,18,1,2,2,69521657.09
4,1763,Rural,6,4,3,10,39341547.31
3,2113,Suburban,48,4,1,6,48816953.09
1,3765,Urban,28,4,1,3,80654611.25
1,2676,Rural,2,1,2,2,57965962.8
2,3366,Urban,34,2,1,9,73891396.59
2,1293,Rural,41,3,1,4,31463177.61
1,3207,Urban,44,3,1,4,69853837.64
4,1887,Suburban,40,1,3,8,44349908.41
1,3363,Urban,44,1,1,5,73399219.29
4,2528,Urban,38,3,1,6,56560099.11
1,1339,Urban,31,4,2,7,31692389.53
5,2384,Urban,19,1,3,3,53968498.41
5,2401,Rural,16,4,3,8,53430448.05
1,3844,Suburban,46,3,1,3,82445017.22
2,2076,Suburban,41,3,1,7,47157986.34
4,3698,Urban,30,3,3,10,80937300.19
5,2297,Urban,5,4,1,3,51845508.84
4,1640,Suburban,49,1,1,1,39055898.77
3,1038,Suburban,43,3,2,10,27668750.19
2,2506,Suburban,21,4,3,5,55651820.2
2,1193,Suburban,17,4,2,8,29472697.52
3,3262,Urban,22,2,2,2,70984063.32
2,2146,Suburban,3,3,2,7,47404035.71
5,3737,Urban,21,1,3,4,80535068.62
3,2558,Urban,46,3,1,7,58567540.87
5,1231,Suburban,25,2,2,1,30440615.58
5,2534,Rural,44,3,1,2,56334693.9
3,2345,Urban,21,2,2,6,52905236.91
4,2365,Suburban,46,2,1,8,53836440.62
4,2858,Urban,16,3,2,5,61557266.26
2,2568,Rural,34,1,1,2,56326493.77
3,3482,Suburban,25,3,1,9,75432929.15
5,2350,Urban,25,4,2,3,53171779.75
4,3662,Rural,41,4,1,5,79836639.87
4,3979,Rural,28,2,2,2,84126559.18
2,3037,Urban,4,4,2,9,65168936.09
2,1484,Suburban,20,3,3,1,35574783.07
2,3199,Suburban,13,4,2,4,68821153.19
2,3170,Urban,45,3,1,3,69860247.65
3,3130,Rural,11,4,1,3,66735057.7
1,2126,Rural,10,1,3,2,46467625.48
4,1089,Rural,29,4,3,5,27404960.28
2,1750,Rural,47,2,2,8,40978296.18
5,3127,Urban,32,1,1,10,68350355.98
4,1155,Rural,24,1,3,8,27706082.37
2,2537,Urban,14,3,1,7,55843457.69
2,3313,Suburban,6,3,3,7,71651717.91
3,1115,Suburban,46,2,1,4,29098064.48
1,2873,Rural,41,2,1,9,63069240.74
1,1395,Rural,8,2,3,1,31753206.53
3,2088,Rural,42,2,1,5,47868044.97
5,3295,Suburban,47,1,2,5,71524648.59
1,2859,Urban,17,2,2,1,61598100.74
5,1054,Urban,40,4,1,5,27966838.67
4,2316,Urban,36,4,2,3,53597143.05
4,3516,Rural,43,4,1,3,76379945.53
1,1019,Urban,29,2,2,4,26665480.24
1,2007,Rural,18,4,3,10,44892088.23
4,1724,Suburban,38,3,1,9,41319640.85
4,3685,Urban,2,1,1,7,78749260.63
1,2193,Rural,18,2,2,3,49255428.06
4,1208,Urban,31,1,3,8,30713082.46
1,3704,Suburban,35,3,1,2,80262993.41
3,3233,Urban,4,1,3,6,68830848.28
2,3144,Urban,34,1,1,5,68564546.11
1,3326,Suburban,44,2,2,9,73371876.17
5,2155,Rural,26,1,2,10,47802013.69
1,2416,Rural,2,2,3,9,51523675.26
4,1830,Rural,35,3,2,4,42641596.6
5,2884,Urban,40,4,3,7,64284946.17
5,2193,Urban,41,2,2,6,50008649.24
2,2866,Rural,19,3,3,4,62493371.4
1,1102,Rural,42,3,2,7,27862334.55
3,2628,Urban,22,2,3,4,57517545.27
5,3156,Rural,48,2,2,2,69152386.95
5,1907,Rural,29,1,3,10,45070057
3,1930,Urban,2,2,1,9,43385996.32
5,1091,Suburban,42,4,3,3,28255754
4,2841,Urban,39,4,2,4,64356778.5
3,1583,Rural,13,4,2,6,36594840.76
4,2447,Rural,16,3,1,8,55198196.16
1,3918,Suburban,29,4,2,3,83120322.68
1,3935,Suburban,26,4,1,4,84313443.73
1,2029,Urban,23,1,3,4,46034726.56
4,2097,Suburban,28,2,2,10,48041761.83
5,2880,Rural,14,1,1,6,61703784.8
5,1140,Rural,34,1,1,8,28449926.39
3,3792,Rural,15,3,2,1,80708774.85
3,2249,Rural,9,3,1,2,49540522.53
5,1718,Suburban,5,3,1,8,38223725.44
2,3029,Rural,47,2,3,9,66712968.68
4,2028,Rural,22,3,3,7,46379592.3
4,2942,Rural,46,4,3,4,65473296.05
4,2716,Urban,29,1,1,7,59721919.15
2,3114,Urban,23,3,2,2,67421667.49
3,3376,Rural,15,1,3,1,71317869.42
3,1551,Suburban,1,3,2,10,34759891.88
4,1335,Suburban,38,4,3,4,34186820.82
3,1662,Urban,10,1,1,1,37234518.78
4,3521,Urban,34,2,3,5,76895314.94
5,2241,Suburban,41,1,2,10,51715269.18
5,1915,Urban,41,1,1,4,45525634.29
3,1797,Urban,8,4,2,4,40330068.22
2,2801,Rural,27,2,1,7,60471560.67
3,3941,Suburban,30,2,2,2,84521990.33
1,3147,Rural,18,3,3,7,68163679.05
4,3919,Urban,11,3,1,2,82612580.63
1,2279,Urban,44,2,2,7,52128846.05
3,1255,Urban,34,2,1,1,30067833.74
5,2665,Urban,2,2,2,10,59009424.05
4,3674,Suburban,39,3,2,7,78651778
3,3289,Suburban,20,3,1,5,71002378.15
2,2335,Suburban,30,4,3,9,52477686.87
3,2546,Suburban,7,2,1,6,55083369.77
2,2304,Rural,6,4,3,4,50697373.57
5,3559,Rural,5,2,2,5,75476214.85
2,2375,Rural,3,4,1,5,51988674.83
1,2067,Urban,41,1,1,5,47980107.67
1,1987,Suburban,41,2,3,6,45953291.69
1,2677,Suburban,17,4,3,8,58619768.93
1,1974,Suburban,8,3,1,9,43923365.09
1,1055,Rural,41,3,1,6,26256180.37
2,3053,Urban,25,4,2,10,68559060.58
1,1407,Urban,24,2,1,4,34822030.77
4,3090,Urban,23,3,1,3,67417164.06
2,2639,Rural,42,4,1,2,58737625.32
5,2381,Suburban,7,4,2,1,51021676.02
2,1870,Rural,15,2,3,8,43061277.29
3,2611,Suburban,40,1,1,2,58113794.63
5,2909,Urban,25,3,1,5,63802773.21
1,1152,Suburban,32,4,2,5,28167147.11
1,2557,Urban,21,3,1,1,56521009.7
3,3014,Urban,19,4,3,8,65996619.78
1,1063,Urban,36,2,2,3,27720984.28
5,2369,Suburban,33,2,2,6,52477491.09
5,2565,Rural,21,3,1,7,56369784.24
5,3993,Urban,25,2,1,5,85947608.36
2,2192,Suburban,33,3,3,4,49447768
2,1497,Urban,28,1,2,2,35105700.23
5,3410,Suburban,45,4,2,1,75107384.49
2,1103,Rural,37,1,2,10,27670569.83
2,1312,Urban,19,3,2,10,31818231.52
4,3190,Urban,23,2,2,3,70146198.47
2,2312,Urban,35,3,3,7,51968191.18
4,3241,Rural,32,2,3,8,70813942.68
4,2145,Suburban,19,3,3,1,47676819.81
2,1373,Urban,15,1,2,2,32035689.36
2,1833,Urban,8,4,3,9,42587464.6
2,3084,Rural,12,4,2,8,65490899.55
1,2786,Suburban,11,1,3,9,60499299.82
4,3073,Rural,39,1,1,5,67052473.46
1,3120,Rural,42,1,1,8,67373639.17
5,3098,Urban,23,3,2,10,67847067.93
2,3572,Suburban,1,1,3,7,75400323.57
5,3968,Urban,35,4,1,9,85887234.61
1,1147,Urban,18,2,2,9,27758043.8
4,2731,Rural,43,4,1,2,60824765.93
3,3442,Rural,7,1,1,10,73206358.71
2,3567,Urban,4,2,2,10,76868467.91
5,1948,Rural,41,4,1,2,44831411.55
5,3504,Rural,28,4,1,5,75831348.75
5,1046,Suburban,13,4,2,1,25775642.13
1,2251,Urban,40,1,2,10,50504560.01
1,1035,Urban,22,2,2,7,26085663.15
3,3257,Suburban,26,1,1,3,70880296.11
1,2175,Rural,1,3,3,6,46697411.68
4,3109,Suburban,44,1,2,8,68126444.76
4,2653,Suburban,35,1,3,3,58622865.1
5,2205,Suburban,2,3,3,3,48224233.18
2,1524,Rural,49,1,1,9,36969321.78
5,2453,Suburban,44,3,2,7,55996436.76
4,1506,Urban,38,2,1,1,36156406.77
4,2455,Rural,47,4,2,3,55675377.9
4,3158,Suburban,44,2,2,4,70012184.26
5,1679,Suburban,26,3,3,2,39335810.39
3,2683,Suburban,24,3,1,6,58759654.82
2,2258,Suburban,43,3,3,6,51672368.58
3,2901,Suburban,5,3,1,3,62711994.71
3,1946,Suburban,8,3,3,2,44462208.19
2,3987,Urban,30,1,2,9,85472340.93
4,1594,Rural,2,1,2,6,36593512.77
4,2486,Urban,24,3,2,3,55771138.38
5,3043,Suburban,24,1,1,3,65861232.61
5,2113,Suburban,25,3,2,2,48206152.58
3,1101,Suburban,26,2,1,1,27786433.6
2,3424,Urban,6,4,3,10,73492583.79
2,1184,Suburban,23,3,3,7,28926486.93
1,3632,Urban,17,3,3,8,77940139.83
1,3738,Rural,32,2,2,4,79576622.73
3,3082,Urban,49,3,1,2,67504565.59
5,1986,Urban,1,2,2,9,43997889.39
4,1523,Rural,4,2,2,9,35531160.24
4,3668,Suburban,34,2,2,6,79135427.67
3,3408,Urban,32,3,1,1,74371655.61
2,3468,Rural,7,2,1,2,72692463.12
1,3001,Urban,1,4,2,10,65239607.12
5,2247,Urban,9,2,2,5,49038927.48
2,2840,Rural,25,3,1,2,62646798.22
5,1586,Urban,7,2,2,2,36430848.66
5,3653,Rural,12,3,1,5,78005724.93
3,2570,Urban,5,4,3,1,56257895.54
1,1714,Suburban,38,3,3,4,39648991.16
1,3801,Rural,8,3,2,10,80434458.6
4,3416,Suburban,26,4,1,8,73394260.81
2,2546,Urban,43,4,1,7,58256736.05
2,1770,Suburban,6,3,2,4,39710464.86
1,2401,Rural,38,1,2,5,53447451.68
5,2007,Urban,5,2,1,2,44751368.52
4,1075,Rural,43,4,3,4,28679515.38
4,2966,Urban,13,3,2,9,65049186.39
5,3548,Suburban,17,2,1,2,75809705.18
4,3320,Suburban,6,2,3,2,70257619.54
5,3880,Rural,14,1,2,8,83086125.72
4,1260,Rural,12,4,3,7,29239877.02
1,3563,Urban,23,4,3,10,77814889.5
4,1915,Rural,43,1,2,9,45008796.15
4,1593,Rural,40,1,1,4,36882154.72
2,3430,Suburban,1,2,1,9,72554630.64
4,3887,Rural,25,2,1,5,83045570.52
5,1664,Rural,49,3,3,9,40185428.02
1,2291,Urban,28,2,3,3,51292100.55
4,1150,Suburban,31,1,3,1,28386171.12
1,2243,Suburban,25,2,2,10,49530518.54
1,1642,Urban,29,1,2,6,38012582.19
4,1904,Suburban,25,1,2,8,43496848.68
2,2096,Urban,31,1,3,7,47925917.97
3,2753,Urban,47,1,2,2,61217420.14
4,3342,Rural,33,1,2,7,72478938.24
3,2588,Rural,47,1,3,7,58744708.61
4,3392,Urban,36,1,3,2,74781650.54
1,3965,Rural,23,2,3,5,85113578.06
4,3564,Rural,48,4,1,5,77868417.82
3,3463,Suburban,9,2,2,9,74608825.58
1,1755,Suburban,4,3,2,6,39166542.64
4,3251,Rural,37,4,3,4,71608797.3
2,3725,Urban,15,4,3,4,79629075.7
5,2799,Urban,37,3,1,3,61947569.76
4,2322,Rural,18,3,2,5,51418874.14
2,3235,Rural,20,1,3,9,68807964.47
3,3783,Urban,25,2,1,4,81826367.65
2,1310,Suburban,25,4,2,2,32290004.25
5,2993,Suburban,36,2,3,7,66432312.37
2,2459,Urban,2,2,2,1,53350687
4,3642,Rural,13,3,1,4,76896584.6
2,2817,Suburban,21,1,2,5,61681968.63
4,2849,Urban,8,2,1,6,60931854.9
3,3393,Rural,23,3,3,7,73667792.39
5,1301,Rural,45,4,1,7,32341202.99
2,2624,Suburban,16,4,3,10,57238944.02
5,2971,Rural,33,4,1,7,66412456.49
2,2339,Urban,34,4,2,4,53230606.97
5,2964,Urban,14,3,3,4,65054716.82
2,2178,Urban,2,2,1,6,48305119.21
3,3677,Urban,4,2,2,10,77724794.67
3,3987,Rural,40,2,2,10,85222599.03
4,1633,Urban,37,2,1,10,39554923.02
2,1416,Suburban,39,2,2,2,34305941.62
3,2822,Rural,28,4,3,6,63011056.38
3,2678,Rural,35,3,2,8,59541207.25
5,1096,Rural,46,2,2,4,29357284.85
3,2725,Urban,39,3,1,1,61185713.13
3,1513,Rural,48,3,3,3,36773952.54
4,3479,Urban,26,2,1,6,75811246
1,3413,Urban,17,4,3,5,74093435.53
5,3522,Rural,49,2,3,9,77576394.44
3,2039,Rural,10,3,2,1,45034324.33
1,2226,Urban,26,4,2,2,50250140.2
1,3133,Rural,1,4,2,8,68038774.06
3,1106,Rural,16,2,2,1,26653288.38
4,2630,Urban,17,3,1,2,58235392.31
2,1256,Urban,43,2,1,8,30710417.88
4,2617,Rural,37,1,3,8,58506369.77
3,2243,Urban,8,2,2,7,50111815.35
5,3859,Urban,24,4,3,6,83356792.11
2,1950,Suburban,41,2,1,1,44625206.17
2,3429,Rural,39,1,2,7,74525838.24
3,1431,Rural,46,1,2,3,33879098.23
3,1790,Rural,38,2,2,10,41499340.73
5,3847,Rural,38,2,1,3,83030096.95
4,1372,Rural,5,1,3,10,32047553.39
5,3018,Urban,35,3,2,3,66675029.62
3,1830,Rural,23,1,2,5,41915599.45
5,3220,Rural,31,2,3,10,69586003.08
3,1721,Suburban,34,1,3,6,39759699.96
2,3288,Urban,28,4,3,7,71574226.62
5,1198,Rural,8,4,2,6,29511713.59
1,1262,Rural,14,1,2,3,29523066.42
2,2417,Rural,26,2,2,6,53939429.82
1,1077,Rural,38,1,3,6,27771316.31
3,2720,Urban,32,3,2,7,60389703.55
1,3441,Suburban,37,1,1,7,74587534.7
4,1469,Suburban,48,1,2,2,35213108.49
3,2858,Rural,40,1,3,9,63056600.12
1,3569,Suburban,9,1,1,2,74865372.35
3,2134,Suburban,19,3,3,6,47646636.68
4,2188,Suburban,21,4,2,4,48825708.57
1,1284,Suburban,26,2,1,3,31209050.57
1,2524,Suburban,40,2,2,1,56391831.01
2,1970,Urban,30,4,3,1,46263278.02
1,1892,Urban,3,2,2,10,42142634.78
1,2165,Urban,41,4,2,10,49367503.94
3,2538,Suburban,18,2,3,4,55942882.13
4,3469,Urban,41,4,3,1,75713359.09
5,2758,Suburban,40,2,2,2,61881258.64
4,2539,Suburban,34,2,3,6,56278324.29
4,1111,Urban,4,2,2,7,26766897.41
1,3018,Rural,27,4,2,2,64626685.18
5,3896,Suburban,48,3,1,5,84161885.96
5,2779,Suburban,25,1,2,7,61358129.88
4,1594,Urban,31,1,2,5,37592691.64
3,1818,Suburban,2,2,3,2,40454023.31
5,2981,Suburban,43,4,1,1,65740329.66
5,3538,Suburban,19,4,1,2,75585343.58
4,1978,Urban,8,2,1,1,43958819.57
2,1028,Rural,44,1,2,3,25719996.24
5,2827,Rural,6,1,1,8,60784997.14
4,1309,Urban,41,1,1,3,32563870.28
2,2383,Suburban,38,3,3,3,53838565.92
4,2578,Rural,20,2,3,4,55703899.23
4,1197,Urban,35,2,2,2,29835625.19
3,3588,Urban,22,2,2,7,76911541.73
1,1127,Suburban,37,3,2,5,29796504.2
2,1171,Suburban,25,1,3,4,29443635.18
1,2107,Urban,31,4,1,4,47773516.64
2,1062,Urban,2,4,1,5,26466839.36
2,3890,Urban,1,4,1,3,82683410.47
5,3697,Rural,25,2,3,6,80075681.84
3,2243,Suburban,46,1,3,7,51307018.72
3,1739,Urban,48,2,3,2,41786836.08
4,3891,Suburban,5,1,3,5,83014589.6
1,3912,Rural,1,3,1,1,81461969.11
4,1166,Urban,37,2,1,7,30112358.15
3,3079,Suburban,21,2,3,1,66586948.38
4,2883,Rural,5,1,3,6,62213081.26
3,2849,Urban,6,2,1,9,61329062.47
3,3419,Suburban,15,4,2,9,73597359.96
2,1875,Urban,23,3,2,3,42414897.54
4,3403,Suburban,16,1,3,9,74205725.96
2,3298,Suburban,20,4,3,5,71345308.66
4,3792,Rural,13,2,2,10,81471013.91
3,2844,Rural,40,1,3,3,64027195.43
3,1279,Rural,33,4,2,6,32213346.31
5,2146,Rural,31,1,1,9,48531594.97
2,1828,Rural,21,4,1,9,41273131.07
1,1815,Suburban,21,4,3,5,41349641.58
4,2679,Rural,6,4,2,7,58887320.17
1,2060,Suburban,11,2,3,2,46177954.2
5,2985,Suburban,25,1,3,5,64990519.34
3,3654,Urban,12,1,1,5,77922968.4
2,3021,Suburban,22,1,2,7,65506229.02
1,1810,Suburban,7,4,2,4,41406329.59
2,1512,Rural,2,3,3,3,34695125.72
3,3950,Suburban,14,3,1,6,83034108.48
2,1733,Rural,16,3,2,7,40346303.18
2,1287,Suburban,48,2,2,3,31739462.78
4,3845,Suburban,44,4,3,4,83356812.09
1,3064,Rural,22,1,1,8,65987462.1
5,2987,Urban,4,2,2,9,65295014.62
2,3330,Suburban,30,2,1,2,72351831.71
2,2286,Suburban,10,3,3,7,50847034.42
5,1233,Rural,25,3,3,9,30559531.05
1,1267,Rural,37,1,2,6,30338787.13
3,3871,Urban,21,2,1,5,82369480.54
4,1893,Urban,38,2,2,3,44917956.14
5,2323,Urban,47,4,2,2,53573384.36
2,3371,Suburban,20,4,1,5,72113677.91
3,1532,Suburban,41,1,3,9,37804559.85
4,1475,Rural,4,3,1,8,33631693.73
5,1511,Rural,38,3,1,3,36050880.82
2,3679,Rural,4,3,2,6,78260333.14
1,2500,Urban,21,3,3,3,55386727.67
5,1270,Urban,39,1,3,2,32288407.95
2,1270,Urban,31,1,2,5,31089980.92
3,3128,Suburban,34,1,2,3,67948675.45
5,1447,Suburban,26,4,3,2,34811541.59
4,1373,Rural,42,1,2,4,33448800.36
1,1043,Urban,45,1,1,8,26419743.68
5,1916,Suburban,23,4,1,1,43871840.52
5,2019,Urban,38,4,2,6,47093220.57
1,3583,Suburban,3,3,1,7,75827830.53
3,2314,Urban,28,3,2,4,51628810.52
4,3881,Suburban,47,4,3,2,84306661.79
2,2302,Suburban,38,2,2,6,51556069
3,3837,Suburban,29,3,3,5,82958519.78
2,1441,Suburban,36,4,2,6,35783582.29
4,3628,Rural,48,2,2,9,79747541.19
3,2000,Urban,34,3,1,2,45388809.96
5,1792,Suburban,26,3,1,1,40786533.95
3,3390,Suburban,11,1,1,8,72599036.39
2,3321,Urban,40,4,1,5,72019756.25
5,3821,Suburban,9,3,2,4,80416896.94
1,2249,Suburban,18,2,1,3,49753937.63
3,1342,Urban,26,1,2,1,32775134.25
3,1250,Rural,8,1,2,4,28838426.44
5,2802,Rural,30,3,3,3,62220952.03
3,3622,Suburban,40,4,2,4,78223437.03
5,2565,Rural,42,1,1,10,57459860.19
1,1139,Rural,21,2,3,2,27382370.55
3,3206,Suburban,34,2,3,3,69773305.56
2,1327,Suburban,11,2,3,7,31805841.53
3,1990,Rural,13,2,2,10,44868017.4
5,3090,Suburban,48,4,1,7,68481197.61
5,3375,Suburban,3,1,3,6,71411229.78
2,1665,Rural,33,2,2,2,38466859.58
2,1492,Urban,25,2,2,8,35600788.55
5,1822,Rural,6,4,3,6,40867682.03
5,2142,Rural,20,2,1,10,48525458
3,1339,Rural,1,3,2,10,31446855.27
5,3073,Suburban,18,4,3,3,66746937.17
2,3221,Rural,24,3,2,7,69510819.41
3,2401,Suburban,47,4,1,8,54318352.83
5,1490,Urban,21,1,1,5,35780403.69
1,1884,Rural,37,4,1,2,43287175.29
2,1851,Urban,37,2,1,4,43593908.89
1,3297,Rural,13,1,2,10,69780257.89
3,3597,Suburban,45,3,1,5,78161346.69
2,3209,Urban,37,3,3,3,70088817.88
3,3492,Rural,16,1,1,7,73992367.5
4,1876,Urban,38,4,1,1,43425740.65
2,2543,Suburban,25,3,3,3,56184739.14
3,3213,Suburban,46,2,1,6,70068791.2
1,1354,Rural,21,3,1,6,32161671.17
3,3320,Rural,8,2,3,6,70502356.86
5,2709,Urban,47,3,1,6,59668853.78
5,2512,Suburban,24,3,2,5,56437116.48
1,2857,Suburban,21,1,2,1,61813048.23
3,3249,Rural,6,3,1,8,69405223.37
2,3135,Suburban,8,4,2,5,66841649.54
1,2348,Suburban,37,1,3,4,53030008.68
3,3328,Suburban,48,2,2,3,72818127.91
4,2030,Urban,10,1,1,8,45466296.62
5,2394,Urban,6,3,1,3,52647613.93
1,1767,Urban,26,2,1,2,40400411.16
3,3109,Suburban,34,1,1,1,67873921.84
4,3506,Rural,21,1,3,7,76127685.55
5,1797,Rural,1,1,1,5,40409102.35
4,2263,Rural,34,1,3,1,50646489.8
1,2016,Urban,20,3,3,9,45424538.57
3,1028,Suburban,10,2,1,10,24847190.52
4,1466,Urban,3,1,2,2,33547379.21
4,2685,Urban,17,4,2,3,58952229.71
4,3132,Rural,24,1,2,2,67868421.48
2,2301,Rural,26,1,1,8,51833515.48
4,3970,Suburban,43,3,2,1,86150613.66
3,1448,Urban,17,3,3,2,34548226.49
3,3414,Suburban,18,4,2,9,73418874.87
3,3435,Urban,41,4,3,5,74897009.1
5,2845,Suburban,18,1,2,2,61382664.97
4,3853,Urban,38,1,3,6,84198179.79
1,3055,Suburban,42,2,2,5,66496139.05
5,2400,Urban,39,4,2,10,55545723.42
2,3699,Urban,13,2,3,9,79229621.4
3,3028,Rural,7,3,2,9,64432852.86
2,3434,Urban,48,1,2,10,75365600.87
5,2541,Rural,25,3,2,3,56269279.21
2,3833,Suburban,34,4,1,4,81827892.13
5,2925,Rural,15,1,1,3,63602239.13
2,3894,Urban,6,4,2,2,82592697.41
3,2105,Rural,10,4,2,7,47730014.99
4,2257,Rural,38,2,1,9,50793502.97
3,1110,Suburban,39,4,3,9,27825147.71
3,3668,Rural,12,2,2,6,77964088.24
3,2054,Suburban,26,3,2,9,46286460.87
4,2795,Suburban,17,3,3,2,60636241.9
3,1128,Rural,20,4,3,10,26838743.62
5,2885,Urban,24,3,3,8,63611790.16
2,3348,Suburban,49,2,2,5,73024960.62
4,3732,Rural,10,1,3,7,79459038.26
1,2260,Suburban,43,1,3,5,51110794.98
5,3675,Rural,42,3,1,3,79830224.72
4,3302,Rural,42,1,3,1,72738573.15
2,3461,Urban,40,1,2,8,75686762.98
4,2627,Rural,27,4,2,2,58187498.36
5,1930,Suburban,43,3,1,1,45457957.41
5,2010,Suburban,12,2,2,2,45115024.09
1,2252,Urban,8,4,2,2,49982387.15
3,2211,Suburban,28,3,1,3,50478367.14
2,2045,Urban,33,3,3,2,46792583.89
5,1063,Rural,31,3,3,2,27206024.01
5,2758,Rural,23,1,2,6,59922660.44
2,2637,Rural,30,4,1,6,57819117.43
5,3705,Urban,33,3,3,6,81116683.6
1,2743,Suburban,3,4,2,8,58549290.54
1,3945,Suburban,23,3,3,9,83016550.29
3,3191,Rural,48,2,2,10,70532328.94
4,3774,Suburban,41,2,3,7,81392473.08
2,2773,Urban,48,3,3,8,62721795.63
1,2260,Urban,25,4,2,9,50873406.81
1,2973,Urban,15,2,3,8,63823276.49
1,2485,Urban,3,3,2,6,53858455.8
1,3674,Suburban,4,2,1,7,77634018.97
3,2730,Urban,34,3,3,9,61259559.5
5,1267,Suburban,43,4,1,1,32068696.18
1,2929,Rural,37,2,2,10,63925190.04
3,3546,Suburban,1,1,3,9,76209168.79
4,3856,Urban,25,2,3,6,82815970.2
5,1947,Suburban,39,2,3,10,46028737.17
4,1047,Rural,13,3,1,4,25338779.18
5,1772,Rural,16,4,3,10,40609556.63
5,2930,Rural,27,2,3,9,64470205.35
5,3302,Suburban,24,4,2,2,72078305.57
3,1646,Urban,30,2,3,3,38540071.8
2,3248,Urban,17,1,3,5,69782950.04
4,1492,Suburban,19,3,1,4,36282072.42
5,1018,Urban,46,1,1,5,26550073.66
5,2026,Urban,34,4,3,7,47070465.15
1,3245,Suburban,4,3,1,6,69196495.78
1,1505,Rural,39,3,3,5,36727002.47
3,2253,Urban,8,3,3,6,50574021.67
5,2636,Rural,21,2,3,1,57124639.67
4,1362,Urban,49,3,3,6,34836972.44
4,3205,Rural,25,1,3,3,69963211.04
1,2179,Rural,3,2,1,2,46756087.09
1,3705,Urban,11,3,2,2,78693119.15
2,1442,Urban,35,3,3,2,35741036.64
5,1395,Suburban,25,4,3,8,33617093.97
5,2352,Urban,1,2,3,3,51934441.23
1,1344,Urban,7,4,3,10,31770659.47
1,2539,Suburban,14,4,1,1,54857091.45
1,2648,Rural,39,1,3,6,58993093.66
2,3059,Suburban,26,1,2,6,66515074.64
2,1131,Rural,28,2,2,3,27383557.03
2,2980,Suburban,48,2,3,5,66416878.63
5,2959,Urban,6,2,3,7,63463022.3
2,2534,Urban,46,2,3,10,57245609.41
5,3005,Rural,42,4,2,7,66760569.63
1,1157,Urban,24,2,1,4,27301880.58
5,3997,Rural,25,4,1,6,85848850.63
4,1067,Suburban,14,3,1,9,26340879.08
3,2592,Urban,22,1,2,3,57700497.75
1,3251,Rural,14,2,2,10,68236527.79
4,2103,Suburban,3,3,1,4,46781609.02
3,3349,Urban,42,4,3,4,74377578.44
4,1602,Urban,2,2,3,10,36935455.33
3,3127,Rural,46,4,1,3,68718838.85
3,2035,Urban,1,1,1,1,44689285.98
2,3181,Rural,15,4,2,4,68940000.9
4,1926,Urban,37,1,2,4,44389050.43
4,2604,Suburban,8,1,2,5,56532824.78
1,1315,Urban,49,1,1,6,33169633.27
5,1544,Rural,10,3,1,1,34958623.8
4,1637,Rural,45,1,3,1,38860853.07
4,1557,Rural,5,2,2,5,36053455.34
1,3333,Suburban,17,4,3,6,72332931.26
1,1250,Urban,17,1,3,5,29935785.43
2,2179,Urban,17,3,3,3,49033831.89
5,1795,Urban,4,1,2,8,41502942.48
5,2053,Rural,41,2,1,8,48186152.47
2,1126,Rural,3,3,2,6,26689948.63
1,3120,Urban,33,4,2,1,67734718.03
1,2099,Rural,7,3,2,10,46508159.54
1,3145,Urban,22,2,3,4,68205810.76
4,2782,Urban,29,1,3,2,61086420.64
5,3080,Rural,23,1,3,1,66496348.44
5,2714,Urban,28,1,1,10,60123998.22
3,2222,Rural,5,1,1,6,48711964.79
3,3334,Urban,5,4,1,3,71359212.39
4,2686,Rural,32,1,1,10,58877317.98
4,2147,Rural,3,1,2,5,47307749.64
5,2315,Rural,26,4,3,1,52738853.25
3,1468,Urban,31,1,3,4,35492872.74
2,2599,Urban,12,3,2,1,56472210.11
1,1772,Suburban,11,1,2,6,38868905.47
5,1689,Urban,3,1,3,9,37829296.03
2,1884,Urban,12,1,3,10,42629498.38
4,2181,Urban,13,2,1,2,48398704.09
1,2727,Suburban,21,4,1,7,58910162.52
4,3877,Suburban,10,4,2,8,82649600.97
3,1603,Urban,36,1,3,5,38205729.16
2,1360,Urban,7,3,3,4,31831948
1,3138,Rural,32,4,1,8,67575260.28
1,1585,Urban,28,4,1,4,36644874.92
4,2970,Rural,11,1,3,6,64363327.74
5,3271,Urban,49,3,2,10,73330967.91
2,2809,Rural,9,2,1,5,60233257.37
1,2735,Suburban,26,2,3,1,60699839.8
1,3851,Suburban,38,3,2,1,82608142.16
3,1201,Urban,16,3,3,7,29872025.65
2,2756,Suburban,27,2,3,2,60772339.86
2,3096,Suburban,6,3,3,8,67265515.31
1,1375,Rural,19,4,2,2,32076594.35
2,3677,Suburban,1,1,2,6,77955440.76
2,3627,Urban,37,4,3,10,80488741.93
1,3366,Urban,33,2,3,7,73392368.01
1,3341,Suburban,38,2,2,4,71722012.96
4,1055,Urban,19,4,3,2,25895386.09
4,2454,Suburban,14,3,3,2,54064524.53
4,3086,Urban,20,1,2,7,67077890.8
4,1561,Rural,3,1,1,10,35978709.62
2,3312,Suburban,48,2,2,9,72680475.98
3,2217,Urban,41,3,1,5,51465523.81
1,2346,Rural,42,1,1,5,52416948.66
1,2086,Suburban,1,1,2,4,45578707.8
5,3064,Urban,39,3,1,3,67700910.88
3,2213,Suburban,1,3,3,9,48487679.13
3,1194,Rural,10,4,2,2,27901704.22
1,3463,Suburban,4,2,1,7,73258785.78
3,1020,Rural,6,1,1,4,25449648.55
5,2124,Rural,18,4,2,8,48564855.09
2,2806,Urban,19,2,2,10,61595910.26
4,1052,Rural,46,2,3,3,28118101.72
5,1455,Rural,12,3,1,3,33916831.03
4,2925,Urban,1,4,2,9,62666807.06
1,2650,Rural,39,1,1,9,59114502.66
2,1750,Urban,45,3,1,4,42054208.22
5,1819,Urban,42,4,1,6,42382927.8
3,1407,Rural,18,3,2,4,33852413.51
2,2785,Suburban,45,2,3,4,61288586.11
5,1859,Rural,19,1,1,2,42661919.97
2,1774,Suburban,7,4,2,9,40630242.63
1,2737,Rural,16,4,1,6,59809016.89
3,3168,Urban,40,3,3,4,70891724.12
4,2089,Rural,1,4,1,6,46710974.61
4,2099,Urban,38,2,3,7,48525044.16
4,1855,Suburban,37,1,2,7,42201352.21
5,3556,Rural,8,3,2,4,75719970.13
2,2734,Suburban,46,1,2,10,61284237.87
3,3856,Rural,12,2,1,10,80873917.56
3,2060,Urban,5,4,3,4,46829901.98
5,1908,Urban,7,4,1,5,43893019.87
3,1931,Rural,39,2,3,10,44690026.29
3,1062,Suburban,41,3,2,8,26959646.53
2,2477,Rural,7,2,1,4,52600342.37
2,2854,Rural,17,2,2,8,62313974.65
2,1442,Rural,35,2,2,2,34149921.3
5,1588,Suburban,17,1,3,4,37477662.06
5,3432,Rural,33,3,3,10,74381566.79
5,2025,Urban,29,3,3,1,46544853.07
3,2748,Rural,37,2,1,8,60684025.81
4,1717,Rural,33,2,2,9,40209013.8
3,2626,Urban,49,1,1,3,59081769.27
2,2136,Rural,9,3,3,3,47840951.04
4,2173,Suburban,22,1,3,10,48969702.32
1,2614,Rural,25,3,3,10,58404355.57
4,2293,Suburban,17,3,2,3,49857048.76
2,2000,Rural,22,1,2,1,44857311.63
2,2897,Rural,11,1,3,6,63339231.67
2,3449,Rural,33,4,2,3,74694901.04
2,3309,Suburban,9,2,2,9,70030870.17
1,1026,Urban,38,4,1,5,27144454.85
4,3751,Rural,7,4,1,10,80034683.86
1,2435,Rural,27,4,3,1,55035226.1
3,2773,Rural,43,3,3,10,61274297.22
4,1525,Urban,28,2,2,4,36637435.22
3,3861,Rural,46,3,1,1,83961595.55
3,1568,Suburban,26,2,1,6,36377990.72
3,1058,Urban,21,2,3,4,26664816.45
2,2238,Suburban,21,3,1,4,49826369.45
4,3911,Suburban,14,2,2,2,82623113.42
5,3268,Urban,35,1,1,10,72397419.34
4,1391,Urban,5,4,1,10,33717412.79
2,3330,Rural,49,1,3,1,73345840.66
4,3321,Urban,15,2,1,7,71778860.48
2,3756,Suburban,25,3,3,9,79812163.11
4,2579,Rural,2,3,3,3,57208075.08
4,3479,Urban,40,3,1,4,76116708.15
3,3173,Suburban,44,2,3,8,70113436.16
1,2372,Urban,14,1,2,1,51747187.46
4,3054,Rural,37,2,3,5,67188651.61
5,1903,Suburban,34,4,3,10,44884851.9
1,3741,Urban,13,4,1,4,79483236.48
5,2528,Rural,17,4,1,2,55332526.72
4,3074,Urban,6,4,3,4,66680582.32
2,1715,Rural,34,1,3,10,39945616.6
4,2117,Suburban,32,2,3,6,49131487.63
3,1433,Suburban,9,2,2,2,32717180.82
2,1477,Urban,34,3,1,6,35130435.48
5,3935,Suburban,1,1,2,10,83405679.17
4,3488,Urban,33,2,1,6,76014735.75
4,1439,Urban,32,1,1,10,33696996.86
2,1732,Suburban,3,2,2,2,38948509.91
4,1151,Urban,43,1,2,3,29932731.83
1,3745,Urban,28,2,1,8,80800546.39
5,2673,Suburban,17,1,1,4,57334295.08
4,3688,Rural,24,3,2,6,78341368.92
4,1403,Urban,3,4,2,2,32104650.5
2,3503,Urban,8,1,1,7,73848447.79
3,3598,Urban,38,2,2,8,78663058.85
5,2788,Suburban,46,4,3,8,63421464.63
1,2976,Rural,21,1,1,7,64662560.02
1,2918,Suburban,1,2,2,9,62997556.83
2,1645,Suburban,8,3,3,10,37945280.58
1,1059,Suburban,26,3,1,7,27258553.08
3,2498,Rural,25,2,1,1,54179728.56
4,1445,Suburban,2,1,2,2,33363740.83
5,2823,Suburban,36,4,3,10,63701657.94
4,1966,Suburban,31,4,2,1,45581669
2,3393,Rural,35,2,2,9,74044816.95
4,2681,Rural,29,1,3,8,59419996
3,1671,Rural,35,4,2,6,38936129.73
1,1084,Rural,22,1,1,2,26471535.2
5,1090,Suburban,24,4,3,2,27189133.12
3,2063,Rural,18,4,2,2,46073551.15
2,1757,Urban,6,3,2,9,40032036.07
5,3226,Suburban,4,2,2,6,68602266.67
4,2610,Urban,26,1,1,7,57027645.67
2,3342,Rural,22,4,1,8,72215579.09
4,3628,Urban,7,1,3,5,78343702.1
3,3427,Suburban,20,1,3,2,73873085.68
3,1551,Suburban,23,2,1,2,36513934.77
2,1127,Suburban,24,4,3,8,28114599.04
1,1013,Urban,22,2,1,5,26271001.8
2,2187,Suburban,13,1,1,6,49117904.16
1,1486,Suburban,23,1,2,9,34827327.03
2,2915,Urban,11,1,3,10,64084941.94
2,1359,Rural,15,3,2,10,32741797.67
5,1331,Suburban,45,3,1,5,32934219.37
1,3032,Rural,42,1,3,8,67417473.8
1,2846,Rural,6,1,2,8,60117915.72
3,2444,Suburban,40,4,1,9,54939458.18
4,2106,Urban,11,3,1,2,46887038.74
3,3251,Rural,27,1,2,6,69478533.2
1,3739,Urban,27,2,2,7,80169735.77
5,3210,Suburban,20,2,2,8,70233780.8
1,2978,Suburban,47,3,3,7,66162402.68
4,1080,Suburban,17,1,3,10,27077536.08
4,1540,Suburban,2,2,2,2,34525963.54
2,3441,Suburban,20,1,2,4,73651579.22
5,2893,Suburban,15,4,1,7,64012171.48
3,1008,Urban,10,4,3,6,25808315.01
5,1145,Suburban,45,3,2,10,30014304.41
2,2776,Rural,36,1,3,7,60795833.05
1,1236,Rural,36,4,3,4,31084391.63
4,2244,Suburban,9,1,3,10,49696135.7
1,2689,Urban,27,1,1,3,59279042.91
1,1101,Suburban,41,2,2,3,28439201.34
2,2723,Suburban,46,2,2,10,61094431.36
3,2403,Suburban,14,3,2,1,53235156.34
1,2017,Suburban,26,1,1,2,44653936.26
4,2083,Urban,45,4,1,9,48244629.74
4,2210,Rural,15,4,1,7,49461474.34
3,3572,Rural,49,1,2,7,77618534.39
3,3945,Rural,14,3,3,5,83782506.24
2,2307,Rural,7,4,1,6,50207314.48
5,1522,Rural,44,2,3,8,36933433.41
4,2987,Rural,9,2,1,3,64392344.34
1,2981,Urban,39,2,1,3,64743737.89
2,1784,Suburban,15,1,1,1,40468678.4
3,3684,Urban,47,2,2,5,79732512.66
1,3560,Urban,29,3,1,2,77206015.16
5,3055,Urban,30,2,2,10,68222645.02
3,3713,Urban,32,1,1,9,79261958.66
5,3115,Urban,31,1,1,4,67996233.2
5,2851,Urban,9,1,3,9,62135629.68
4,3420,Suburban,44,1,1,5,73968494.53
4,1511,Urban,3,2,1,4,34252925.56
5,3468,Urban,16,4,3,4,75223663.48
4,3476,Rural,29,2,1,1,74547793.8
3,3673,Rural,35,3,2,1,78970490.1
5,2782,Suburban,38,1,1,5,61382240.05
5,3559,Urban,43,2,2,7,77823858.41
2,3671,Rural,39,2,1,1,78154493.37
2,2962,Urban,38,1,2,3,64909371.9
2,3116,Rural,25,2,1,3,67687949.56
2,1091,Rural,6,2,3,8,26340110.44
1,1781,Rural,15,1,1,8,39372425.69
2,3985,Rural,35,3,2,5,85637117.58
3,1328,Urban,12,4,1,3,31726166.47
1,3694,Suburban,17,3,1,10,78287281.34
3,2374,Rural,32,3,1,7,52798477.84
2,2164,Rural,13,3,2,1,48338239.94
5,1610,Suburban,1,4,2,3,37455105.59
1,2923,Urban,35,3,1,7,64427149.05
5,3280,Rural,1,2,1,9,70668955.66
3,3309,Suburban,17,4,1,6,71235064.17
3,2463,Urban,5,2,3,1,53972094.85
1,3973,Urban,37,2,3,2,86142723.92
3,2717,Urban,4,3,1,8,59468009.38
1,1278,Urban,6,2,1,5,29431004.68
3,1357,Urban,31,3,1,9,34069454.36
5,3583,Rural,43,2,1,1,77479970.95
4,1251,Rural,21,2,3,7,29940484.44
2,1932,Urban,49,1,2,2,45237254.3
2,1187,Suburban,46,2,2,4,29698673.4
4,3438,Urban,16,3,2,1,74450572
4,1344,Rural,38,1,1,7,33469678.3
1,2612,Suburban,42,1,3,1,59382483.91
3,2041,Rural,29,4,2,5,46762332.49
5,2631,Rural,28,4,3,4,58137603.47
2,2584,Suburban,46,2,1,6,57278812.43
4,3673,Urban,34,3,1,5,79100255.22
4,3924,Urban,12,1,2,7,83057384.72
4,1956,Rural,28,2,1,9,44602970.85
3,2663,Suburban,35,4,2,2,59729535.84
5,3570,Suburban,25,2,3,6,77121261.11
4,1797,Rural,14,1,1,6,41467951.5
5,1865,Suburban,8,4,2,8,41968663.46
2,2897,Rural,25,3,2,10,63538138.63
1,2264,Suburban,2,2,1,5,49620150.27
1,2549,Urban,36,2,3,5,56577809.83
2,1275,Rural,19,2,3,10,29997456.61
1,1041,Suburban,47,3,3,4,26806752.49
4,2228,Suburban,41,3,1,9,51081241.36
3,3099,Suburban,2,2,1,3,66639230.89
1,2131,Rural,43,2,3,8,48439971.77
2,3192,Suburban,28,3,1,4,68971573.74
3,3802,Suburban,16,2,3,1,81855615.7
2,2550,Suburban,16,2,2,5,55741358.07
4,1676,Rural,42,3,2,7,39831925.21
2,2156,Rural,14,1,3,1,48137540.4
4,1303,Urban,7,1,1,7,30777848.89
1,2920,Rural,33,2,3,5,63865055.26
3,3981,Rural,29,3,1,8,85228120.62
5,1254,Rural,7,2,2,2,28971142.99
3,1459,Urban,15,4,2,2,34106715.17
5,3860,Urban,32,2,1,10,82532159.75
1,2605,Suburban,7,2,3,3,55841286.6
2,1360,Rural,34,1,1,2,32677866.49
4,1494,Suburban,47,4,3,7,36809938.63
4,2808,Suburban,27,4,3,1,61983892.1
4,2296,Suburban,33,1,2,1,51486142.66
1,2802,Rural,47,2,3,5,62546186.57
1,3967,Rural,32,3,2,7,85230103.18
5,3991,Urban,8,1,2,1,85178238.32
3,2603,Urban,40,3,1,1,57768463.15
3,3322,Suburban,2,3,2,6,71640353.53
2,3142,Suburban,6,4,2,3,67540351.84
5,2823,Rural,38,4,2,9,63133103.61
1,3474,Urban,28,3,3,3,75274086.38
1,3095,Suburban,39,2,1,3,68208715.97
4,1993,Suburban,46,4,3,6,46752432.86
5,2354,Urban,24,1,2,1,52778921.06
5,3156,Rural,13,3,3,9,68305535.2
1,2055,Suburban,10,2,2,7,45885905.75
5,1595,Rural,30,2,1,2,36514333.17
4,1147,Suburban,30,2,2,6,27871720.52
4,3835,Rural,14,3,2,3,82348292.86
1,3855,Suburban,24,3,2,4,82337103.28
1,2959,Suburban,25,4,3,3,64531495.21
5,3621,Suburban,10,2,2,9,78021331.41
5,1609,Rural,5,4,2,8,36715070.76
3,3292,Urban,38,1,2,2,72238763.07
5,1438,Rural,12,2,2,1,33685399.58
5,2146,Rural,23,4,2,2,48003913.62
2,3535,Rural,25,3,2,4,75876339.38
1,3238,Suburban,38,4,3,3,71670224.54
5,3252,Suburban,41,4,1,2,71810598.89
2,1912,Rural,41,4,1,9,44867986.02
5,1080,Rural,35,1,1,10,27275130.87
1,3558,Suburban,47,1,1,2,76763625.53
3,2158,Urban,34,1,3,10,50164870.6
4,2476,Suburban,14,2,2,1,54027317.45
1,1813,Suburban,34,1,2,2,41208328.75
1,3554,Rural,8,1,3,8,75559692.92
2,2694,Rural,13,3,1,9,58057955.03
2,1588,Suburban,10,2,3,8,36377266.38
2,2915,Rural,47,1,3,9,64375439.17
3,1693,Suburban,30,4,1,7,39287583.42
2,1602,Urban,13,4,3,3,36927740.79
1,2426,Rural,49,1,2,10,54945443.06
2,1632,Urban,36,3,3,1,39500560.96
5,2154,Suburban,35,3,1,2,48674315.23
5,3286,Urban,2,4,1,5,69998863.62
4,1281,Rural,18,1,1,4,31723957.09
5,3573,Urban,44,1,3,4,77720130.22
4,2983,Rural,49,1,1,6,66718251.19
5,3779,Urban,10,1,2,1,80787439.2
3,3622,Rural,17,4,1,1,77310480.06
4,3341,Suburban,4,2,2,7,70558602.26
5,1941,Urban,42,4,3,3,45128978.86
4,1107,Urban,23,4,1,4,27895295.31
4,1504,Urban,48,1,1,7,37635811.82
5,1837,Rural,21,2,2,10,42176034.94
1,2017,Urban,25,4,3,2,46220015.68
2,2841,Urban,34,4,2,4,62767658.68
4,2049,Rural,21,2,3,5,45341967.25
4,1268,Rural,22,1,2,10,30532541.54
4,3886,Urban,37,1,2,5,83728838.2
2,3991,Urban,45,3,1,6,85648281.92
4,1765,Rural,13,2,2,6,39291528.12
4,1073,Urban,27,4,3,7,27347585.73
5,3954,Urban,3,2,2,8,83324779.86
1,3632,Suburban,23,1,3,4,78480873.28
3,1474,Suburban,47,1,2,7,35991155.93
3,2168,Urban,20,4,1,10,48398762.99
2,2375,Suburban,19,4,2,5,52568973.23
3,1766,Suburban,35,1,3,7,41622304.79
1,3342,Rural,32,1,3,5,71918382.53
3,2200,Urban,4,3,1,7,48691114.7
1,2724,Urban,1,1,3,10,59460375
1,1518,Suburban,28,3,1,5,35100100.78
5,1966,Suburban,49,1,2,1,46523514.18
3,1631,Urban,47,4,3,1,39293531.13
4,1513,Rural,23,1,1,4,34460832.48
2,3415,Urban,4,2,2,7,73061758.71
4,2215,Rural,33,1,2,5,49364768.14
3,2661,Urban,12,4,1,2,58098636.63
3,2301,Urban,49,2,1,8,53071107.61
4,1814,Rural,25,4,2,3,41474104.54
5,2792,Rural,29,2,2,4,61607282.5
3,2684,Rural,41,1,1,1,59899215.03
5,1340,Rural,10,4,1,6,30579978.17
2,2570,Rural,3,4,2,8,55360817.27
3,3289,Rural,15,3,2,5,70691051.17
4,3926,Rural,11,2,3,3,83345750.12
5,2950,Suburban,5,1,3,5,63826071.33
2,3715,Urban,10,4,1,8,79048809.96
1,3788,Rural,46,3,1,2,81899065.19
2,2609,Suburban,27,4,2,4,58455247.16
5,2588,Urban,44,4,2,1,57922751.69
3,1919,Urban,9,2,1,5,42792430.55
3,1318,Urban,38,2,1,8,32750244.7
1,1048,Suburban,41,2,1,8,25519072.95
5,3023,Suburban,35,2,1,3,66263566.64
3,2467,Urban,45,3,2,7,56072626.78
3,2323,Suburban,39,3,3,4,52673071.91
5,1653,Suburban,28,1,3,6,39223358.1
2,1504,Rural,49,2,1,9,36593405.97
4,1367,Suburban,20,2,1,3,33357280.97
2,2017,Urban,36,2,3,4,46312738.42
5,1777,Urban,37,2,2,1,41671028.22
2,1997,Suburban,11,2,2,6,44280339.36
3,2570,Suburban,19,2,1,1,56581832.76
5,2862,Urban,5,3,1,5,62312513.88
3,2449,Urban,25,2,3,4,55490656.62
3,2061,Suburban,16,4,1,9,46531569.09
3,1006,Suburban,31,4,3,10,25545179.88
2,1597,Rural,14,3,2,8,36048970.99
4,2027,Urban,17,4,1,1,44980720.68
1,3123,Suburban,41,1,3,4,68038979.24
4,3461,Suburban,46,3,1,10,76390715.73
1,3126,Suburban,12,1,1,2,68012502.72
5,1723,Urban,35,4,3,6,41096231.47
4,2306,Rural,18,1,1,2,50765491.84
1,3411,Suburban,7,4,3,7,73008119.36
3,3815,Rural,25,3,1,6,80747127.32
5,1080,Urban,30,3,1,9,27408279.79
4,2187,Rural,30,2,1,6,48928854.45
2,2588,Rural,3,4,3,8,55919136.53
5,1913,Rural,12,2,1,3,42021114.27
3,3442,Urban,47,1,2,6,75496309.11
3,2212,Urban,41,4,3,3,51366759.72
3,1969,Suburban,18,4,2,10,44607938.39
1,1099,Suburban,40,1,2,8,27949475.98
4,1921,Suburban,10,4,3,1,43472779.02
5,2663,Rural,44,3,3,7,59230575.52
4,1563,Rural,27,1,2,2,37502715.03
4,1335,Rural,21,2,3,1,31676381.45
1,3331,Urban,5,3,2,8,71652524.96
1,3180,Suburban,43,4,1,8,69273095.63
3,3151,Urban,3,2,3,5,67991545.16
4,3289,Rural,40,3,3,1,71194220.35
1,3485,Suburban,20,4,2,4,75525261.09
3,2004,Urban,8,4,2,6,44761612.38
5,3667,Suburban,32,4,2,3,78292311.37
1,2558,Suburban,33,1,2,1,56055283.43
1,2372,Suburban,5,1,2,4,51183333.65
5,2030,Rural,28,4,1,8,45530379.36
5,1909,Rural,25,4,3,10,44689342.72
1,2229,Suburban,43,2,1,8,50242338.11
5,1145,Rural,9,4,1,6,26535271.15
5,3685,Urban,45,1,2,9,79872394.3
3,1478,Urban,27,4,2,8,35583569.5
1,2476,Urban,39,4,3,3,56192041.17
5,2810,Rural,28,3,2,10,62066997.8
3,1752,Suburban,35,2,1,4,39732234.02
1,2154,Urban,44,4,3,1,49092940.06
1,1027,Urban,13,2,1,2,25378055.58
1,1392,Rural,48,1,1,3,33515088.38
5,2231,Rural,9,1,1,8,49152522.05
5,2587,Rural,41,3,1,1,57988670.34
4,1215,Suburban,46,4,1,10,31100093.93
3,2967,Suburban,33,1,1,3,63856260.61
4,3879,Rural,1,4,1,4,81261639.55
3,3573,Urban,48,2,1,10,77926263.99
2,3908,Rural,18,3,3,3,83801786.63
4,3990,Urban,13,4,1,9,85526689
1,2633,Rural,17,2,2,1,57120767.24
2,1260,Suburban,12,2,3,3,29945473.32
2,1884,Urban,16,2,2,5,42665747.54
2,1650,Suburban,29,4,1,5,38844934.85
3,2396,Urban,1,1,3,1,52933645.85
5,1063,Urban,47,4,3,6,28795533.4
5,1274,Rural,29,4,2,1,31831129.81
2,3248,Urban,37,4,3,9,71632274.63
